2024-08-30 13:42:36,448 - Setup: connection.py - INFO: Creating database connection url from environment variables found in config/.env
2024-08-30 13:42:36,448 - Setup: connection.py - INFO: Creating database engine and session objects
2024-08-30 13:42:36,481 - Setup: schema.py - INFO: Building SQLAlchemy automap
2024-08-30 13:42:38,199 - Setup: schema.py - INFO: Successfully built SQLAlchemy automap
2024-08-30 13:42:38,199 - Setup: schema.py - INFO: Adding relationships to file table
2024-08-30 13:42:38,200 - Setup: schema.py - INFO: Adding relationships to project table
2024-08-30 13:42:38,200 - Setup: schema.py - INFO: Successfully added relationships to file and project tables
2024-08-30 13:42:38,222 - Setup: DatabaseMap.py - INFO: Building column_metadata map
2024-08-30 13:42:38,332 - Setup: DatabaseMap.py - INFO: Building DatabaseMap Object
2024-08-30 13:42:38,333 - Setup: DatabaseMap.py - INFO: Building metadata variables from automapped Base
2024-08-30 13:42:38,333 - Setup: DatabaseMap.py - INFO: Building entity class variables from automapped Base
2024-08-30 13:42:38,333 - Setup: DatabaseMap.py - INFO: Building column map
2024-08-30 13:42:38,334 - Setup: DatabaseMap.py - INFO: Building relationship map
2024-08-30 13:42:38,991 - Setup: connection.py - INFO: Creating database connection url from environment variables found in config/.env
2024-08-30 13:42:38,991 - Setup: connection.py - INFO: Creating database engine and session objects
2024-08-30 13:42:39,046 - Setup: schema.py - INFO: Building SQLAlchemy automap
2024-08-30 13:42:40,704 - Setup: schema.py - INFO: Successfully built SQLAlchemy automap
2024-08-30 13:42:40,704 - Setup: schema.py - INFO: Adding relationships to file table
2024-08-30 13:42:40,705 - Setup: schema.py - INFO: Adding relationships to project table
2024-08-30 13:42:40,706 - Setup: schema.py - INFO: Successfully added relationships to file and project tables
2024-08-30 13:42:40,722 - Setup: DatabaseMap.py - INFO: Building column_metadata map
2024-08-30 13:42:40,831 - Setup: DatabaseMap.py - INFO: Building DatabaseMap Object
2024-08-30 13:42:40,831 - Setup: DatabaseMap.py - INFO: Building metadata variables from automapped Base
2024-08-30 13:42:40,832 - Setup: DatabaseMap.py - INFO: Building entity class variables from automapped Base
2024-08-30 13:42:40,832 - Setup: DatabaseMap.py - INFO: Building column map
2024-08-30 13:42:40,833 - Setup: DatabaseMap.py - INFO: Building relationship map
2024-08-30 13:42:51,390 - 05f26ad8-cc1a-4adf-b73b-f94bdb5df144 - INFO: data/subject endpoint hit: Address(host='127.0.0.1', port=64212)
2024-08-30 13:42:51,390 - 05f26ad8-cc1a-4adf-b73b-f94bdb5df144 - INFO: QNode: {"MATCH_ALL": ["therapeutic_agent is not null"], "MATCH_SOME": None, "ADD_COLUMNS": ["therapeutic_agent"], "EXCLUDE_COLUMNS": None}
2024-08-30 13:42:51,390 - 05f26ad8-cc1a-4adf-b73b-f94bdb5df144 - INFO: http://127.0.0.1:8000/data/subject?limit=100&offset=0
2024-08-30 13:42:51,390 - 05f26ad8-cc1a-4adf-b73b-f94bdb5df144 - INFO: Building fetch_rows query
2024-08-30 13:42:51,390 - 05f26ad8-cc1a-4adf-b73b-f94bdb5df144 - INFO: Building MATCH conditions
2024-08-30 13:42:51,391 - 05f26ad8-cc1a-4adf-b73b-f94bdb5df144 - INFO: Building SELECT clause
2024-08-30 13:42:51,936 - 05f26ad8-cc1a-4adf-b73b-f94bdb5df144 - INFO: Query execution time: 0.5327117443084717s
2024-08-30 13:42:51,937 - 05f26ad8-cc1a-4adf-b73b-f94bdb5df144 - INFO: Returning 100 rows out of 2417 results | limit=100 & offset=0
2024-08-30 13:42:51,941 - 05f26ad8-cc1a-4adf-b73b-f94bdb5df144 - INFO: Success
2024-08-30 13:44:30,104 - 15197c38-ed22-44b1-bf1b-3e566573e0c7 - INFO: data/subject endpoint hit: Address(host='127.0.0.1', port=64224)
2024-08-30 13:44:30,104 - 15197c38-ed22-44b1-bf1b-3e566573e0c7 - INFO: QNode: {"MATCH_ALL": ["therapeutic_agent like b%", "sex like f*"], "MATCH_SOME": ["therapeutic_agent = Pomalidomide", "format = bam"], "ADD_COLUMNS": ["hotspot", "morphology", "therapeutic_agent", "format", "sex"], "EXCLUDE_COLUMNS": ["subject_id", "year_of_death"]}
2024-08-30 13:44:30,104 - 15197c38-ed22-44b1-bf1b-3e566573e0c7 - INFO: http://127.0.0.1:8000/data/subject?limit=100&offset=0
2024-08-30 13:44:30,104 - 15197c38-ed22-44b1-bf1b-3e566573e0c7 - INFO: Building fetch_rows query
2024-08-30 13:44:30,104 - 15197c38-ed22-44b1-bf1b-3e566573e0c7 - INFO: Building MATCH conditions
2024-08-30 13:44:30,107 - 15197c38-ed22-44b1-bf1b-3e566573e0c7 - INFO: Building SELECT clause
2024-08-30 13:44:30,377 - 15197c38-ed22-44b1-bf1b-3e566573e0c7 - INFO: Query execution time: 0.23173022270202637s
2024-08-30 13:44:30,377 - 15197c38-ed22-44b1-bf1b-3e566573e0c7 - INFO: Returning 0 rows out of 0 results | limit=100 & offset=0
2024-08-30 13:44:30,382 - 15197c38-ed22-44b1-bf1b-3e566573e0c7 - INFO: Success
2024-08-30 13:47:24,434 - Setup: connection.py - INFO: Creating database connection url from environment variables found in config/.env
2024-08-30 13:47:24,434 - Setup: connection.py - INFO: Creating database engine and session objects
2024-08-30 13:47:24,480 - Setup: schema.py - INFO: Building SQLAlchemy automap
2024-08-30 13:47:26,098 - Setup: schema.py - INFO: Successfully built SQLAlchemy automap
2024-08-30 13:47:26,098 - Setup: schema.py - INFO: Adding relationships to file table
2024-08-30 13:47:26,099 - Setup: schema.py - INFO: Adding relationships to project table
2024-08-30 13:47:26,099 - Setup: schema.py - INFO: Successfully added relationships to file and project tables
2024-08-30 13:47:26,110 - Setup: DatabaseMap.py - INFO: Building column_metadata map
2024-08-30 13:47:26,219 - Setup: DatabaseMap.py - INFO: Building DatabaseMap Object
2024-08-30 13:47:26,219 - Setup: DatabaseMap.py - INFO: Building metadata variables from automapped Base
2024-08-30 13:47:26,219 - Setup: DatabaseMap.py - INFO: Building entity class variables from automapped Base
2024-08-30 13:47:26,219 - Setup: DatabaseMap.py - INFO: Building column map
2024-08-30 13:47:26,219 - Setup: DatabaseMap.py - INFO: Building relationship map
2024-08-30 13:47:26,884 - Setup: connection.py - INFO: Creating database connection url from environment variables found in config/.env
2024-08-30 13:47:26,884 - Setup: connection.py - INFO: Creating database engine and session objects
2024-08-30 13:47:26,974 - Setup: schema.py - INFO: Building SQLAlchemy automap
2024-08-30 13:47:28,813 - Setup: schema.py - INFO: Successfully built SQLAlchemy automap
2024-08-30 13:47:28,814 - Setup: schema.py - INFO: Adding relationships to file table
2024-08-30 13:47:28,815 - Setup: schema.py - INFO: Adding relationships to project table
2024-08-30 13:47:28,816 - Setup: schema.py - INFO: Successfully added relationships to file and project tables
2024-08-30 13:47:28,854 - Setup: DatabaseMap.py - INFO: Building column_metadata map
2024-08-30 13:47:28,967 - Setup: DatabaseMap.py - INFO: Building DatabaseMap Object
2024-08-30 13:47:28,967 - Setup: DatabaseMap.py - INFO: Building metadata variables from automapped Base
2024-08-30 13:47:28,967 - Setup: DatabaseMap.py - INFO: Building entity class variables from automapped Base
2024-08-30 13:47:28,967 - Setup: DatabaseMap.py - INFO: Building column map
2024-08-30 13:47:28,969 - Setup: DatabaseMap.py - INFO: Building relationship map
2024-08-30 13:47:29,156 - 58bd7b37-d3b2-4702-81e5-cda0e46b8b50 - INFO: data/subject endpoint hit: Address(host='testclient', port=50000)
2024-08-30 13:47:29,156 - 58bd7b37-d3b2-4702-81e5-cda0e46b8b50 - INFO: QNode: {"MATCH_ALL": ["subject_id_alias < 0"], "MATCH_SOME": None, "ADD_COLUMNS": None, "EXCLUDE_COLUMNS": None}
2024-08-30 13:47:29,157 - 58bd7b37-d3b2-4702-81e5-cda0e46b8b50 - INFO: http://testserver/data/subject
2024-08-30 13:47:29,157 - 58bd7b37-d3b2-4702-81e5-cda0e46b8b50 - INFO: Building fetch_rows query
2024-08-30 13:47:29,157 - 58bd7b37-d3b2-4702-81e5-cda0e46b8b50 - INFO: Building MATCH conditions
2024-08-30 13:47:29,158 - 58bd7b37-d3b2-4702-81e5-cda0e46b8b50 - INFO: Building SELECT clause
2024-08-30 13:47:29,672 - 58bd7b37-d3b2-4702-81e5-cda0e46b8b50 - INFO: Query execution time: 0.48662400245666504s
2024-08-30 13:47:29,673 - 58bd7b37-d3b2-4702-81e5-cda0e46b8b50 - INFO: Returning 0 rows out of 0 results | limit=100 & offset=0
2024-08-30 13:47:29,680 - 58bd7b37-d3b2-4702-81e5-cda0e46b8b50 - INFO: Success
2024-09-04 12:28:08,750 - Setup: connection.py - INFO: Creating database connection url from environment variables found in config/.env
2024-09-04 12:28:08,750 - Setup: connection.py - INFO: Creating database engine and session objects
2024-09-04 12:28:09,043 - Setup: schema.py - INFO: Building SQLAlchemy automap
2024-09-04 12:28:10,755 - Setup: schema.py - INFO: Successfully built SQLAlchemy automap
2024-09-04 12:28:10,756 - Setup: schema.py - INFO: Adding relationships to file table
2024-09-04 12:28:10,756 - Setup: schema.py - INFO: Adding relationships to project table
2024-09-04 12:28:10,757 - Setup: schema.py - INFO: Successfully added relationships to file and project tables
2024-09-04 12:28:10,797 - Setup: DatabaseMap.py - INFO: Building column_metadata map
2024-09-04 12:28:10,907 - Setup: DatabaseMap.py - INFO: Building DatabaseMap Object
2024-09-04 12:28:10,907 - Setup: DatabaseMap.py - INFO: Building metadata variables from automapped Base
2024-09-04 12:28:10,908 - Setup: DatabaseMap.py - INFO: Building entity class variables from automapped Base
2024-09-04 12:28:10,908 - Setup: DatabaseMap.py - INFO: Building column map
2024-09-04 12:28:10,909 - Setup: DatabaseMap.py - INFO: Building relationship map
2024-09-04 12:28:12,057 - Setup: connection.py - INFO: Creating database connection url from environment variables found in config/.env
2024-09-04 12:28:12,057 - Setup: connection.py - INFO: Creating database engine and session objects
2024-09-04 12:28:12,105 - Setup: schema.py - INFO: Building SQLAlchemy automap
2024-09-04 12:28:13,802 - Setup: schema.py - INFO: Successfully built SQLAlchemy automap
2024-09-04 12:28:13,802 - Setup: schema.py - INFO: Adding relationships to file table
2024-09-04 12:28:13,803 - Setup: schema.py - INFO: Adding relationships to project table
2024-09-04 12:28:13,803 - Setup: schema.py - INFO: Successfully added relationships to file and project tables
2024-09-04 12:28:13,830 - Setup: DatabaseMap.py - INFO: Building column_metadata map
2024-09-04 12:28:13,943 - Setup: DatabaseMap.py - INFO: Building DatabaseMap Object
2024-09-04 12:28:13,943 - Setup: DatabaseMap.py - INFO: Building metadata variables from automapped Base
2024-09-04 12:28:13,944 - Setup: DatabaseMap.py - INFO: Building entity class variables from automapped Base
2024-09-04 12:28:13,944 - Setup: DatabaseMap.py - INFO: Building column map
2024-09-04 12:28:13,945 - Setup: DatabaseMap.py - INFO: Building relationship map
2024-09-05 08:26:34,250 - Setup: connection.py - INFO: Creating database connection url from environment variables found in config/.env
2024-09-05 08:26:34,250 - Setup: connection.py - INFO: Creating database engine and session objects
2024-09-05 08:26:34,754 - Setup: schema.py - INFO: Building SQLAlchemy automap
2024-09-05 08:26:36,470 - Setup: schema.py - INFO: Successfully built SQLAlchemy automap
2024-09-05 08:26:36,470 - Setup: schema.py - INFO: Adding relationships to file table
2024-09-05 08:26:36,471 - Setup: schema.py - INFO: Adding relationships to project table
2024-09-05 08:26:36,472 - Setup: schema.py - INFO: Successfully added relationships to file and project tables
2024-09-05 08:26:36,526 - Setup: DatabaseMap.py - INFO: Building column_metadata map
2024-09-05 08:26:36,639 - Setup: DatabaseMap.py - INFO: Building DatabaseMap Object
2024-09-05 08:26:36,639 - Setup: DatabaseMap.py - INFO: Building metadata variables from automapped Base
2024-09-05 08:26:36,639 - Setup: DatabaseMap.py - INFO: Building entity class variables from automapped Base
2024-09-05 08:26:36,639 - Setup: DatabaseMap.py - INFO: Building column map
2024-09-05 08:26:36,641 - Setup: DatabaseMap.py - INFO: Building relationship map
2024-09-05 08:26:40,413 - Setup: connection.py - INFO: Creating database connection url from environment variables found in config/.env
2024-09-05 08:26:40,413 - Setup: connection.py - INFO: Creating database engine and session objects
2024-09-05 08:26:40,571 - Setup: schema.py - INFO: Building SQLAlchemy automap
2024-09-05 08:26:42,263 - Setup: schema.py - INFO: Successfully built SQLAlchemy automap
2024-09-05 08:26:42,263 - Setup: schema.py - INFO: Adding relationships to file table
2024-09-05 08:26:42,263 - Setup: schema.py - INFO: Adding relationships to project table
2024-09-05 08:26:42,263 - Setup: schema.py - INFO: Successfully added relationships to file and project tables
2024-09-05 08:26:42,292 - Setup: DatabaseMap.py - INFO: Building column_metadata map
2024-09-05 08:26:42,402 - Setup: DatabaseMap.py - INFO: Building DatabaseMap Object
2024-09-05 08:26:42,402 - Setup: DatabaseMap.py - INFO: Building metadata variables from automapped Base
2024-09-05 08:26:42,402 - Setup: DatabaseMap.py - INFO: Building entity class variables from automapped Base
2024-09-05 08:26:42,403 - Setup: DatabaseMap.py - INFO: Building column map
2024-09-05 08:26:42,403 - Setup: DatabaseMap.py - INFO: Building relationship map
2024-09-05 08:27:27,320 - Setup: connection.py - INFO: Creating database connection url from environment variables found in config/.env
2024-09-05 08:27:27,320 - Setup: connection.py - INFO: Creating database engine and session objects
2024-09-05 08:27:27,353 - Setup: schema.py - INFO: Building SQLAlchemy automap
2024-09-05 08:27:28,662 - Setup: connection.py - INFO: Creating database connection url from environment variables found in config/.env
2024-09-05 08:27:28,663 - Setup: connection.py - INFO: Creating database engine and session objects
2024-09-05 08:27:28,713 - Setup: schema.py - INFO: Building SQLAlchemy automap
2024-09-05 08:27:29,045 - Setup: schema.py - INFO: Successfully built SQLAlchemy automap
2024-09-05 08:27:29,045 - Setup: schema.py - INFO: Adding relationships to file table
2024-09-05 08:27:29,046 - Setup: schema.py - INFO: Adding relationships to project table
2024-09-05 08:27:29,046 - Setup: schema.py - INFO: Successfully added relationships to file and project tables
2024-09-05 08:27:29,064 - Setup: DatabaseMap.py - INFO: Building column_metadata map
2024-09-05 08:27:29,172 - Setup: DatabaseMap.py - INFO: Building DatabaseMap Object
2024-09-05 08:27:29,172 - Setup: DatabaseMap.py - INFO: Building metadata variables from automapped Base
2024-09-05 08:27:29,172 - Setup: DatabaseMap.py - INFO: Building entity class variables from automapped Base
2024-09-05 08:27:29,172 - Setup: DatabaseMap.py - INFO: Building column map
2024-09-05 08:27:29,173 - Setup: DatabaseMap.py - INFO: Building relationship map
2024-09-05 08:27:30,419 - Setup: schema.py - INFO: Successfully built SQLAlchemy automap
2024-09-05 08:27:30,419 - Setup: schema.py - INFO: Adding relationships to file table
2024-09-05 08:27:30,420 - Setup: schema.py - INFO: Adding relationships to project table
2024-09-05 08:27:30,420 - Setup: schema.py - INFO: Successfully added relationships to file and project tables
2024-09-05 08:27:30,428 - Setup: DatabaseMap.py - INFO: Building column_metadata map
2024-09-05 08:27:30,537 - Setup: DatabaseMap.py - INFO: Building DatabaseMap Object
2024-09-05 08:27:30,537 - Setup: DatabaseMap.py - INFO: Building metadata variables from automapped Base
2024-09-05 08:27:30,537 - Setup: DatabaseMap.py - INFO: Building entity class variables from automapped Base
2024-09-05 08:27:30,537 - Setup: DatabaseMap.py - INFO: Building column map
2024-09-05 08:27:30,538 - Setup: DatabaseMap.py - INFO: Building relationship map
2024-09-05 08:28:12,310 - c63788a8-f0b5-4cee-b3d7-29eba6e21077 - INFO: data/subject endpoint hit: Address(host='127.0.0.1', port=50885)
2024-09-05 08:28:12,311 - c63788a8-f0b5-4cee-b3d7-29eba6e21077 - INFO: QNode: {"MATCH_ALL": ["sex like f%"], "MATCH_SOME": None, "ADD_COLUMNS": None, "EXCLUDE_COLUMNS": None}
2024-09-05 08:28:12,311 - c63788a8-f0b5-4cee-b3d7-29eba6e21077 - INFO: http://127.0.0.1:8000/data/subject?limit=100&offset=0
2024-09-05 08:28:12,311 - c63788a8-f0b5-4cee-b3d7-29eba6e21077 - INFO: Building fetch_rows query
2024-09-05 08:28:12,311 - c63788a8-f0b5-4cee-b3d7-29eba6e21077 - INFO: Building MATCH conditions
2024-09-05 08:28:12,312 - c63788a8-f0b5-4cee-b3d7-29eba6e21077 - INFO: Building SELECT clause
2024-09-05 08:28:13,111 - c63788a8-f0b5-4cee-b3d7-29eba6e21077 - INFO: Query execution time: 0.7828059196472168s
2024-09-05 08:28:13,112 - c63788a8-f0b5-4cee-b3d7-29eba6e21077 - INFO: Returning 100 rows out of 34388 results | limit=100 & offset=0
2024-09-05 08:28:13,115 - c63788a8-f0b5-4cee-b3d7-29eba6e21077 - INFO: Success
2024-09-05 08:28:54,447 - Setup: connection.py - INFO: Creating database connection url from environment variables found in config/.env
2024-09-05 08:28:54,447 - Setup: connection.py - INFO: Creating database connection url from environment variables found in config/.env
2024-09-05 08:28:54,447 - Setup: connection.py - INFO: Creating database engine and session objects
2024-09-05 08:28:54,447 - Setup: connection.py - INFO: Creating database engine and session objects
2024-09-05 08:28:54,573 - Setup: schema.py - INFO: Building SQLAlchemy automap
2024-09-05 08:28:54,573 - Setup: schema.py - INFO: Building SQLAlchemy automap
2024-09-05 08:28:56,111 - Setup: schema.py - INFO: Successfully built SQLAlchemy automap
2024-09-05 08:28:56,111 - Setup: schema.py - INFO: Adding relationships to file table
2024-09-05 08:28:56,111 - Setup: schema.py - INFO: Adding relationships to project table
2024-09-05 08:28:56,112 - Setup: schema.py - INFO: Successfully added relationships to file and project tables
2024-09-05 08:28:56,151 - Setup: DatabaseMap.py - INFO: Building column_metadata map
2024-09-05 08:28:56,238 - Setup: schema.py - INFO: Successfully built SQLAlchemy automap
2024-09-05 08:28:56,239 - Setup: schema.py - INFO: Adding relationships to file table
2024-09-05 08:28:56,239 - Setup: schema.py - INFO: Adding relationships to project table
2024-09-05 08:28:56,239 - Setup: schema.py - INFO: Successfully added relationships to file and project tables
2024-09-05 08:28:56,247 - Setup: DatabaseMap.py - INFO: Building DatabaseMap Object
2024-09-05 08:28:56,247 - Setup: DatabaseMap.py - INFO: Building metadata variables from automapped Base
2024-09-05 08:28:56,248 - Setup: DatabaseMap.py - INFO: Building entity class variables from automapped Base
2024-09-05 08:28:56,248 - Setup: DatabaseMap.py - INFO: Building column map
2024-09-05 08:28:56,248 - Setup: DatabaseMap.py - INFO: Building relationship map
2024-09-05 08:28:56,257 - Setup: DatabaseMap.py - INFO: Building column_metadata map
2024-09-05 08:28:56,368 - Setup: DatabaseMap.py - INFO: Building DatabaseMap Object
2024-09-05 08:28:56,368 - Setup: DatabaseMap.py - INFO: Building metadata variables from automapped Base
2024-09-05 08:28:56,368 - Setup: DatabaseMap.py - INFO: Building entity class variables from automapped Base
2024-09-05 08:28:56,368 - Setup: DatabaseMap.py - INFO: Building column map
2024-09-05 08:28:56,369 - Setup: DatabaseMap.py - INFO: Building relationship map
2024-09-05 08:34:02,209 - Setup: connection.py - INFO: Creating database connection url from environment variables found in config/.env
2024-09-05 08:34:02,209 - Setup: connection.py - INFO: Creating database engine and session objects
2024-09-05 08:34:02,242 - Setup: connection.py - INFO: Creating database connection url from environment variables found in config/.env
2024-09-05 08:34:02,242 - Setup: connection.py - INFO: Creating database engine and session objects
2024-09-05 08:34:02,260 - Setup: schema.py - INFO: Building SQLAlchemy automap
2024-09-05 08:34:02,299 - Setup: schema.py - INFO: Building SQLAlchemy automap
2024-09-05 08:34:03,812 - Setup: schema.py - INFO: Successfully built SQLAlchemy automap
2024-09-05 08:34:03,812 - Setup: schema.py - INFO: Adding relationships to file table
2024-09-05 08:34:03,813 - Setup: schema.py - INFO: Adding relationships to project table
2024-09-05 08:34:03,813 - Setup: schema.py - INFO: Successfully added relationships to file and project tables
2024-09-05 08:34:03,835 - Setup: DatabaseMap.py - INFO: Building column_metadata map
2024-09-05 08:34:03,932 - Setup: DatabaseMap.py - INFO: Building DatabaseMap Object
2024-09-05 08:34:03,933 - Setup: DatabaseMap.py - INFO: Building metadata variables from automapped Base
2024-09-05 08:34:03,933 - Setup: DatabaseMap.py - INFO: Building entity class variables from automapped Base
2024-09-05 08:34:03,933 - Setup: DatabaseMap.py - INFO: Building column map
2024-09-05 08:34:03,933 - Setup: DatabaseMap.py - INFO: Building relationship map
2024-09-05 08:34:03,933 - Setup: schema.py - INFO: Successfully built SQLAlchemy automap
2024-09-05 08:34:03,934 - Setup: schema.py - INFO: Adding relationships to file table
2024-09-05 08:34:03,934 - Setup: schema.py - INFO: Adding relationships to project table
2024-09-05 08:34:03,935 - Setup: schema.py - INFO: Successfully added relationships to file and project tables
2024-09-05 08:34:03,948 - Setup: DatabaseMap.py - INFO: Building column_metadata map
2024-09-05 08:34:04,054 - Setup: DatabaseMap.py - INFO: Building DatabaseMap Object
2024-09-05 08:34:04,054 - Setup: DatabaseMap.py - INFO: Building metadata variables from automapped Base
2024-09-05 08:34:04,054 - Setup: DatabaseMap.py - INFO: Building entity class variables from automapped Base
2024-09-05 08:34:04,054 - Setup: DatabaseMap.py - INFO: Building column map
2024-09-05 08:34:04,055 - Setup: DatabaseMap.py - INFO: Building relationship map
2024-09-05 08:35:02,408 - Setup: connection.py - INFO: Creating database connection url from environment variables found in config/.env
2024-09-05 08:35:02,408 - Setup: connection.py - INFO: Creating database engine and session objects
2024-09-05 08:35:02,439 - Setup: schema.py - INFO: Building SQLAlchemy automap
2024-09-05 08:35:02,439 - Setup: connection.py - INFO: Creating database connection url from environment variables found in config/.env
2024-09-05 08:35:02,440 - Setup: connection.py - INFO: Creating database engine and session objects
2024-09-05 08:35:02,488 - Setup: schema.py - INFO: Building SQLAlchemy automap
2024-09-05 08:35:03,938 - Setup: schema.py - INFO: Successfully built SQLAlchemy automap
2024-09-05 08:35:03,938 - Setup: schema.py - INFO: Adding relationships to file table
2024-09-05 08:35:03,939 - Setup: schema.py - INFO: Adding relationships to project table
2024-09-05 08:35:03,939 - Setup: schema.py - INFO: Successfully added relationships to file and project tables
2024-09-05 08:35:03,958 - Setup: DatabaseMap.py - INFO: Building column_metadata map
2024-09-05 08:35:04,054 - Setup: DatabaseMap.py - INFO: Building DatabaseMap Object
2024-09-05 08:35:04,055 - Setup: DatabaseMap.py - INFO: Building metadata variables from automapped Base
2024-09-05 08:35:04,055 - Setup: DatabaseMap.py - INFO: Building entity class variables from automapped Base
2024-09-05 08:35:04,055 - Setup: DatabaseMap.py - INFO: Building column map
2024-09-05 08:35:04,055 - Setup: DatabaseMap.py - INFO: Building relationship map
2024-09-05 08:35:04,157 - Setup: schema.py - INFO: Successfully built SQLAlchemy automap
2024-09-05 08:35:04,157 - Setup: schema.py - INFO: Adding relationships to file table
2024-09-05 08:35:04,157 - Setup: schema.py - INFO: Adding relationships to project table
2024-09-05 08:35:04,157 - Setup: schema.py - INFO: Successfully added relationships to file and project tables
2024-09-05 08:35:04,170 - Setup: DatabaseMap.py - INFO: Building column_metadata map
2024-09-05 08:35:04,278 - Setup: DatabaseMap.py - INFO: Building DatabaseMap Object
2024-09-05 08:35:04,279 - Setup: DatabaseMap.py - INFO: Building metadata variables from automapped Base
2024-09-05 08:35:04,279 - Setup: DatabaseMap.py - INFO: Building entity class variables from automapped Base
2024-09-05 08:35:04,279 - Setup: DatabaseMap.py - INFO: Building column map
2024-09-05 08:35:04,279 - Setup: DatabaseMap.py - INFO: Building relationship map
2024-09-05 08:35:25,698 - Setup: connection.py - INFO: Creating database connection url from environment variables found in config/.env
2024-09-05 08:35:25,699 - Setup: connection.py - INFO: Creating database engine and session objects
2024-09-05 08:35:25,732 - Setup: schema.py - INFO: Building SQLAlchemy automap
2024-09-05 08:35:25,732 - Setup: connection.py - INFO: Creating database connection url from environment variables found in config/.env
2024-09-05 08:35:25,733 - Setup: connection.py - INFO: Creating database engine and session objects
2024-09-05 08:35:25,779 - Setup: schema.py - INFO: Building SQLAlchemy automap
2024-09-05 08:35:27,279 - Setup: schema.py - INFO: Successfully built SQLAlchemy automap
2024-09-05 08:35:27,279 - Setup: schema.py - INFO: Adding relationships to file table
2024-09-05 08:35:27,279 - Setup: schema.py - INFO: Adding relationships to project table
2024-09-05 08:35:27,280 - Setup: schema.py - INFO: Successfully added relationships to file and project tables
2024-09-05 08:35:27,291 - Setup: DatabaseMap.py - INFO: Building column_metadata map
2024-09-05 08:35:27,383 - Setup: schema.py - INFO: Successfully built SQLAlchemy automap
2024-09-05 08:35:27,383 - Setup: schema.py - INFO: Adding relationships to file table
2024-09-05 08:35:27,384 - Setup: schema.py - INFO: Adding relationships to project table
2024-09-05 08:35:27,384 - Setup: schema.py - INFO: Successfully added relationships to file and project tables
2024-09-05 08:35:27,388 - Setup: DatabaseMap.py - INFO: Building DatabaseMap Object
2024-09-05 08:35:27,388 - Setup: DatabaseMap.py - INFO: Building metadata variables from automapped Base
2024-09-05 08:35:27,388 - Setup: DatabaseMap.py - INFO: Building entity class variables from automapped Base
2024-09-05 08:35:27,388 - Setup: DatabaseMap.py - INFO: Building column map
2024-09-05 08:35:27,389 - Setup: DatabaseMap.py - INFO: Building relationship map
2024-09-05 08:35:27,402 - Setup: DatabaseMap.py - INFO: Building column_metadata map
2024-09-05 08:35:27,508 - Setup: DatabaseMap.py - INFO: Building DatabaseMap Object
2024-09-05 08:35:27,508 - Setup: DatabaseMap.py - INFO: Building metadata variables from automapped Base
2024-09-05 08:35:27,508 - Setup: DatabaseMap.py - INFO: Building entity class variables from automapped Base
2024-09-05 08:35:27,508 - Setup: DatabaseMap.py - INFO: Building column map
2024-09-05 08:35:27,508 - Setup: DatabaseMap.py - INFO: Building relationship map
2024-09-05 08:38:59,353 - Setup: connection.py - INFO: Creating database connection url from environment variables found in config/.env
2024-09-05 08:38:59,354 - Setup: connection.py - INFO: Creating database engine and session objects
2024-09-05 08:38:59,577 - Setup: schema.py - INFO: Building SQLAlchemy automap
2024-09-05 08:39:01,256 - Setup: schema.py - INFO: Successfully built SQLAlchemy automap
2024-09-05 08:39:01,256 - Setup: schema.py - INFO: Adding relationships to file table
2024-09-05 08:39:01,257 - Setup: schema.py - INFO: Adding relationships to project table
2024-09-05 08:39:01,258 - Setup: schema.py - INFO: Successfully added relationships to file and project tables
2024-09-05 08:39:01,281 - Setup: DatabaseMap.py - INFO: Building column_metadata map
2024-09-05 08:39:01,389 - Setup: DatabaseMap.py - INFO: Building DatabaseMap Object
2024-09-05 08:39:01,390 - Setup: DatabaseMap.py - INFO: Building metadata variables from automapped Base
2024-09-05 08:39:01,390 - Setup: DatabaseMap.py - INFO: Building entity class variables from automapped Base
2024-09-05 08:39:01,390 - Setup: DatabaseMap.py - INFO: Building column map
2024-09-05 08:39:01,391 - Setup: DatabaseMap.py - INFO: Building relationship map
2024-09-05 08:39:02,286 - Setup: connection.py - INFO: Creating database connection url from environment variables found in config/.env
2024-09-05 08:39:02,286 - Setup: connection.py - INFO: Creating database engine and session objects
2024-09-05 08:39:02,338 - Setup: schema.py - INFO: Building SQLAlchemy automap
2024-09-05 08:39:03,984 - Setup: schema.py - INFO: Successfully built SQLAlchemy automap
2024-09-05 08:39:03,984 - Setup: schema.py - INFO: Adding relationships to file table
2024-09-05 08:39:03,985 - Setup: schema.py - INFO: Adding relationships to project table
2024-09-05 08:39:03,985 - Setup: schema.py - INFO: Successfully added relationships to file and project tables
2024-09-05 08:39:03,999 - Setup: DatabaseMap.py - INFO: Building column_metadata map
2024-09-05 08:39:04,107 - Setup: DatabaseMap.py - INFO: Building DatabaseMap Object
2024-09-05 08:39:04,107 - Setup: DatabaseMap.py - INFO: Building metadata variables from automapped Base
2024-09-05 08:39:04,107 - Setup: DatabaseMap.py - INFO: Building entity class variables from automapped Base
2024-09-05 08:39:04,107 - Setup: DatabaseMap.py - INFO: Building column map
2024-09-05 08:39:04,108 - Setup: DatabaseMap.py - INFO: Building relationship map
2024-09-05 08:39:06,848 - d85529b7-6b2d-4923-b2e2-dfa19e6365bf - INFO: data/subject endpoint hit: Address(host='127.0.0.1', port=51119)
2024-09-05 08:39:06,848 - d85529b7-6b2d-4923-b2e2-dfa19e6365bf - INFO: QNode: {"MATCH_ALL": ["sex like f%"], "MATCH_SOME": None, "ADD_COLUMNS": None, "EXCLUDE_COLUMNS": None}
2024-09-05 08:39:06,848 - d85529b7-6b2d-4923-b2e2-dfa19e6365bf - INFO: http://127.0.0.1:8000/data/subject?limit=100&offset=0
2024-09-05 08:39:06,848 - d85529b7-6b2d-4923-b2e2-dfa19e6365bf - INFO: Building fetch_rows query
2024-09-05 08:39:06,848 - d85529b7-6b2d-4923-b2e2-dfa19e6365bf - INFO: Building MATCH conditions
2024-09-05 08:39:06,849 - d85529b7-6b2d-4923-b2e2-dfa19e6365bf - INFO: Building SELECT clause
2024-09-05 08:39:07,628 - d85529b7-6b2d-4923-b2e2-dfa19e6365bf - INFO: Query execution time: 0.7666566371917725s
2024-09-05 08:39:07,629 - d85529b7-6b2d-4923-b2e2-dfa19e6365bf - INFO: Returning 100 rows out of 34388 results | limit=100 & offset=0
2024-09-05 08:39:07,632 - d85529b7-6b2d-4923-b2e2-dfa19e6365bf - INFO: Success
2024-09-05 13:10:13,091 - Setup: connection.py - INFO: Creating database connection url from environment variables found in config/.env
2024-09-05 13:10:13,091 - Setup: connection.py - INFO: Creating database engine and session objects
2024-09-05 13:10:13,557 - Setup: schema.py - INFO: Building SQLAlchemy automap
2024-09-05 13:10:15,259 - Setup: schema.py - INFO: Successfully built SQLAlchemy automap
2024-09-05 13:10:15,260 - Setup: schema.py - INFO: Adding relationships to file table
2024-09-05 13:10:15,260 - Setup: schema.py - INFO: Adding relationships to project table
2024-09-05 13:10:15,261 - Setup: schema.py - INFO: Successfully added relationships to file and project tables
2024-09-05 13:10:15,305 - Setup: DatabaseMap.py - INFO: Building column_metadata map
2024-09-05 13:10:15,414 - Setup: DatabaseMap.py - INFO: Building DatabaseMap Object
2024-09-05 13:10:15,415 - Setup: DatabaseMap.py - INFO: Building metadata variables from automapped Base
2024-09-05 13:10:15,415 - Setup: DatabaseMap.py - INFO: Building entity class variables from automapped Base
2024-09-05 13:10:15,415 - Setup: DatabaseMap.py - INFO: Building column map
2024-09-05 13:10:15,416 - Setup: DatabaseMap.py - INFO: Building relationship map
2024-12-19 15:24:42,094 - Setup: connection.py - INFO: Creating database connection url from environment variables found in config/.env
2024-12-19 15:24:42,094 - Setup: connection.py - INFO: Creating database engine and session objects
2025-01-07 08:15:46,866 - Setup: connection.py - INFO: Creating database connection url from environment variables found in config/.env
2025-01-07 08:15:46,866 - Setup: connection.py - INFO: Creating database engine and session objects
2025-01-07 08:19:28,251 - Setup: connection.py - INFO: Creating database connection url from environment variables found in config/.env
2025-01-07 08:19:28,251 - Setup: connection.py - INFO: Creating database engine and session objects
2025-01-07 08:19:29,517 - Setup: schema.py - INFO: Building SQLAlchemy automap
2025-01-07 08:19:29,518 - Setup: schema.py - ERROR: (psycopg2.OperationalError) connection to server at "127.0.0.1", port 5432 failed: Connection refused
	Is the server running on that host and accepting TCP/IP connections?

(Background on this error at: https://sqlalche.me/e/20/e3q8)
Traceback (most recent call last):
  File "/Users/coontd/cda/cda-api/.venv/lib/python3.12/site-packages/sqlalchemy/engine/base.py", line 146, in __init__
    self._dbapi_connection = engine.raw_connection()
                             ^^^^^^^^^^^^^^^^^^^^^^^
  File "/Users/coontd/cda/cda-api/.venv/lib/python3.12/site-packages/sqlalchemy/engine/base.py", line 3302, in raw_connection
    return self.pool.connect()
           ^^^^^^^^^^^^^^^^^^^
  File "/Users/coontd/cda/cda-api/.venv/lib/python3.12/site-packages/sqlalchemy/pool/base.py", line 449, in connect
    return _ConnectionFairy._checkout(self)
           ^^^^^^^^^^^^^^^^^^^^^^^^^^^^^^^^
  File "/Users/coontd/cda/cda-api/.venv/lib/python3.12/site-packages/sqlalchemy/pool/base.py", line 1263, in _checkout
    fairy = _ConnectionRecord.checkout(pool)
            ^^^^^^^^^^^^^^^^^^^^^^^^^^^^^^^^
  File "/Users/coontd/cda/cda-api/.venv/lib/python3.12/site-packages/sqlalchemy/pool/base.py", line 712, in checkout
    rec = pool._do_get()
          ^^^^^^^^^^^^^^
  File "/Users/coontd/cda/cda-api/.venv/lib/python3.12/site-packages/sqlalchemy/pool/impl.py", line 179, in _do_get
    with util.safe_reraise():
         ^^^^^^^^^^^^^^^^^^^
  File "/Users/coontd/cda/cda-api/.venv/lib/python3.12/site-packages/sqlalchemy/util/langhelpers.py", line 146, in __exit__
    raise exc_value.with_traceback(exc_tb)
  File "/Users/coontd/cda/cda-api/.venv/lib/python3.12/site-packages/sqlalchemy/pool/impl.py", line 177, in _do_get
    return self._create_connection()
           ^^^^^^^^^^^^^^^^^^^^^^^^^
  File "/Users/coontd/cda/cda-api/.venv/lib/python3.12/site-packages/sqlalchemy/pool/base.py", line 390, in _create_connection
    return _ConnectionRecord(self)
           ^^^^^^^^^^^^^^^^^^^^^^^
  File "/Users/coontd/cda/cda-api/.venv/lib/python3.12/site-packages/sqlalchemy/pool/base.py", line 674, in __init__
    self.__connect()
  File "/Users/coontd/cda/cda-api/.venv/lib/python3.12/site-packages/sqlalchemy/pool/base.py", line 900, in __connect
    with util.safe_reraise():
         ^^^^^^^^^^^^^^^^^^^
  File "/Users/coontd/cda/cda-api/.venv/lib/python3.12/site-packages/sqlalchemy/util/langhelpers.py", line 146, in __exit__
    raise exc_value.with_traceback(exc_tb)
  File "/Users/coontd/cda/cda-api/.venv/lib/python3.12/site-packages/sqlalchemy/pool/base.py", line 896, in __connect
    self.dbapi_connection = connection = pool._invoke_creator(self)
                                         ^^^^^^^^^^^^^^^^^^^^^^^^^^
  File "/Users/coontd/cda/cda-api/.venv/lib/python3.12/site-packages/sqlalchemy/engine/create.py", line 643, in connect
    return dialect.connect(*cargs, **cparams)
           ^^^^^^^^^^^^^^^^^^^^^^^^^^^^^^^^^^
  File "/Users/coontd/cda/cda-api/.venv/lib/python3.12/site-packages/sqlalchemy/engine/default.py", line 621, in connect
    return self.loaded_dbapi.connect(*cargs, **cparams)
           ^^^^^^^^^^^^^^^^^^^^^^^^^^^^^^^^^^^^^^^^^^^^
  File "/Users/coontd/cda/cda-api/.venv/lib/python3.12/site-packages/psycopg2/__init__.py", line 122, in connect
    conn = _connect(dsn, connection_factory=connection_factory, **kwasync)
           ^^^^^^^^^^^^^^^^^^^^^^^^^^^^^^^^^^^^^^^^^^^^^^^^^^^^^^^^^^^^^^^
psycopg2.OperationalError: connection to server at "127.0.0.1", port 5432 failed: Connection refused
	Is the server running on that host and accepting TCP/IP connections?


The above exception was the direct cause of the following exception:

Traceback (most recent call last):
  File "/Users/coontd/cda/cda-api/cda_api/db/schema.py", line 19, in <module>
    Base.prepare(autoload_with=engine,
  File "<string>", line 2, in prepare
  File "/Users/coontd/cda/cda-api/.venv/lib/python3.12/site-packages/sqlalchemy/util/deprecations.py", line 281, in warned
    return fn(*args, **kwargs)  # type: ignore[no-any-return]
           ^^^^^^^^^^^^^^^^^^^
  File "/Users/coontd/cda/cda-api/.venv/lib/python3.12/site-packages/sqlalchemy/ext/automap.py", line 1255, in prepare
    cls.metadata.reflect(autoload_with, **opts)  # type: ignore[arg-type]  # noqa: E501
    ^^^^^^^^^^^^^^^^^^^^^^^^^^^^^^^^^^^^^^^^^^^
  File "/Users/coontd/cda/cda-api/.venv/lib/python3.12/site-packages/sqlalchemy/sql/schema.py", line 5761, in reflect
    with inspection.inspect(bind)._inspection_context() as insp:
         ^^^^^^^^^^^^^^^^^^^^^^^^
  File "/Users/coontd/cda/cda-api/.venv/lib/python3.12/site-packages/sqlalchemy/inspection.py", line 140, in inspect
    ret = reg(subject)
          ^^^^^^^^^^^^
  File "/Users/coontd/cda/cda-api/.venv/lib/python3.12/site-packages/sqlalchemy/engine/reflection.py", line 312, in _engine_insp
    return Inspector._construct(Inspector._init_engine, bind)
           ^^^^^^^^^^^^^^^^^^^^^^^^^^^^^^^^^^^^^^^^^^^^^^^^^^
  File "/Users/coontd/cda/cda-api/.venv/lib/python3.12/site-packages/sqlalchemy/engine/reflection.py", line 245, in _construct
    init(self, bind)
  File "/Users/coontd/cda/cda-api/.venv/lib/python3.12/site-packages/sqlalchemy/engine/reflection.py", line 256, in _init_engine
    engine.connect().close()
    ^^^^^^^^^^^^^^^^
  File "/Users/coontd/cda/cda-api/.venv/lib/python3.12/site-packages/sqlalchemy/engine/base.py", line 3278, in connect
    return self._connection_cls(self)
           ^^^^^^^^^^^^^^^^^^^^^^^^^^
  File "/Users/coontd/cda/cda-api/.venv/lib/python3.12/site-packages/sqlalchemy/engine/base.py", line 148, in __init__
    Connection._handle_dbapi_exception_noconnection(
  File "/Users/coontd/cda/cda-api/.venv/lib/python3.12/site-packages/sqlalchemy/engine/base.py", line 2442, in _handle_dbapi_exception_noconnection
    raise sqlalchemy_exception.with_traceback(exc_info[2]) from e
  File "/Users/coontd/cda/cda-api/.venv/lib/python3.12/site-packages/sqlalchemy/engine/base.py", line 146, in __init__
    self._dbapi_connection = engine.raw_connection()
                             ^^^^^^^^^^^^^^^^^^^^^^^
  File "/Users/coontd/cda/cda-api/.venv/lib/python3.12/site-packages/sqlalchemy/engine/base.py", line 3302, in raw_connection
    return self.pool.connect()
           ^^^^^^^^^^^^^^^^^^^
  File "/Users/coontd/cda/cda-api/.venv/lib/python3.12/site-packages/sqlalchemy/pool/base.py", line 449, in connect
    return _ConnectionFairy._checkout(self)
           ^^^^^^^^^^^^^^^^^^^^^^^^^^^^^^^^
  File "/Users/coontd/cda/cda-api/.venv/lib/python3.12/site-packages/sqlalchemy/pool/base.py", line 1263, in _checkout
    fairy = _ConnectionRecord.checkout(pool)
            ^^^^^^^^^^^^^^^^^^^^^^^^^^^^^^^^
  File "/Users/coontd/cda/cda-api/.venv/lib/python3.12/site-packages/sqlalchemy/pool/base.py", line 712, in checkout
    rec = pool._do_get()
          ^^^^^^^^^^^^^^
  File "/Users/coontd/cda/cda-api/.venv/lib/python3.12/site-packages/sqlalchemy/pool/impl.py", line 179, in _do_get
    with util.safe_reraise():
         ^^^^^^^^^^^^^^^^^^^
  File "/Users/coontd/cda/cda-api/.venv/lib/python3.12/site-packages/sqlalchemy/util/langhelpers.py", line 146, in __exit__
    raise exc_value.with_traceback(exc_tb)
  File "/Users/coontd/cda/cda-api/.venv/lib/python3.12/site-packages/sqlalchemy/pool/impl.py", line 177, in _do_get
    return self._create_connection()
           ^^^^^^^^^^^^^^^^^^^^^^^^^
  File "/Users/coontd/cda/cda-api/.venv/lib/python3.12/site-packages/sqlalchemy/pool/base.py", line 390, in _create_connection
    return _ConnectionRecord(self)
           ^^^^^^^^^^^^^^^^^^^^^^^
  File "/Users/coontd/cda/cda-api/.venv/lib/python3.12/site-packages/sqlalchemy/pool/base.py", line 674, in __init__
    self.__connect()
  File "/Users/coontd/cda/cda-api/.venv/lib/python3.12/site-packages/sqlalchemy/pool/base.py", line 900, in __connect
    with util.safe_reraise():
         ^^^^^^^^^^^^^^^^^^^
  File "/Users/coontd/cda/cda-api/.venv/lib/python3.12/site-packages/sqlalchemy/util/langhelpers.py", line 146, in __exit__
    raise exc_value.with_traceback(exc_tb)
  File "/Users/coontd/cda/cda-api/.venv/lib/python3.12/site-packages/sqlalchemy/pool/base.py", line 896, in __connect
    self.dbapi_connection = connection = pool._invoke_creator(self)
                                         ^^^^^^^^^^^^^^^^^^^^^^^^^^
  File "/Users/coontd/cda/cda-api/.venv/lib/python3.12/site-packages/sqlalchemy/engine/create.py", line 643, in connect
    return dialect.connect(*cargs, **cparams)
           ^^^^^^^^^^^^^^^^^^^^^^^^^^^^^^^^^^
  File "/Users/coontd/cda/cda-api/.venv/lib/python3.12/site-packages/sqlalchemy/engine/default.py", line 621, in connect
    return self.loaded_dbapi.connect(*cargs, **cparams)
           ^^^^^^^^^^^^^^^^^^^^^^^^^^^^^^^^^^^^^^^^^^^^
  File "/Users/coontd/cda/cda-api/.venv/lib/python3.12/site-packages/psycopg2/__init__.py", line 122, in connect
    conn = _connect(dsn, connection_factory=connection_factory, **kwasync)
           ^^^^^^^^^^^^^^^^^^^^^^^^^^^^^^^^^^^^^^^^^^^^^^^^^^^^^^^^^^^^^^^
sqlalchemy.exc.OperationalError: (psycopg2.OperationalError) connection to server at "127.0.0.1", port 5432 failed: Connection refused
	Is the server running on that host and accepting TCP/IP connections?

(Background on this error at: https://sqlalche.me/e/20/e3q8)
2025-01-07 08:29:58,510 - Setup: connection.py - INFO: Creating database connection url from environment variables found in config/.env
2025-01-07 08:29:58,510 - Setup: connection.py - INFO: Creating database engine and session objects
2025-01-07 08:29:58,592 - Setup: schema.py - INFO: Building SQLAlchemy automap
2025-01-07 08:30:00,183 - Setup: schema.py - INFO: Successfully built SQLAlchemy automap
2025-01-07 08:30:00,183 - Setup: schema.py - INFO: Adding relationships to file table
2025-01-07 08:30:00,183 - Setup: schema.py - INFO: Adding relationships to project table
2025-01-07 08:30:00,184 - Setup: schema.py - INFO: Successfully added relationships to file and project tables
2025-01-07 08:30:00,196 - Setup: DatabaseMap.py - INFO: Building column_metadata map
2025-01-07 08:30:00,321 - Setup: DatabaseMap.py - INFO: Building DatabaseMap Object
2025-01-07 08:30:00,321 - Setup: DatabaseMap.py - INFO: Building metadata variables from automapped Base
2025-01-07 08:30:00,321 - Setup: DatabaseMap.py - INFO: Building entity class variables from automapped Base
2025-01-07 08:30:00,321 - Setup: DatabaseMap.py - INFO: Building column map
2025-01-07 08:30:00,322 - Setup: DatabaseMap.py - INFO: Building relationship map
2025-01-07 08:30:01,788 - Setup: connection.py - INFO: Creating database connection url from environment variables found in config/.env
2025-01-07 08:30:01,788 - Setup: connection.py - INFO: Creating database engine and session objects
2025-01-07 08:30:01,823 - Setup: schema.py - INFO: Building SQLAlchemy automap
2025-01-07 08:30:03,465 - Setup: schema.py - INFO: Successfully built SQLAlchemy automap
2025-01-07 08:30:03,465 - Setup: schema.py - INFO: Adding relationships to file table
2025-01-07 08:30:03,466 - Setup: schema.py - INFO: Adding relationships to project table
2025-01-07 08:30:03,466 - Setup: schema.py - INFO: Successfully added relationships to file and project tables
2025-01-07 08:30:03,473 - Setup: DatabaseMap.py - INFO: Building column_metadata map
2025-01-07 08:30:03,574 - Setup: DatabaseMap.py - INFO: Building DatabaseMap Object
2025-01-07 08:30:03,574 - Setup: DatabaseMap.py - INFO: Building metadata variables from automapped Base
2025-01-07 08:30:03,574 - Setup: DatabaseMap.py - INFO: Building entity class variables from automapped Base
2025-01-07 08:30:03,574 - Setup: DatabaseMap.py - INFO: Building column map
2025-01-07 08:30:03,575 - Setup: DatabaseMap.py - INFO: Building relationship map
2025-01-07 08:31:01,250 - dd877d52-9f04-448e-bed7-30effeae8dbd - INFO: data/subject endpoint hit: Address(host='127.0.0.1', port=54922)
2025-01-07 08:31:01,250 - dd877d52-9f04-448e-bed7-30effeae8dbd - INFO: QNode: {"MATCH_ALL": ["subject_id_alias < 10"], "MATCH_SOME": None, "ADD_COLUMNS": None, "EXCLUDE_COLUMNS": None}
2025-01-07 08:31:01,250 - dd877d52-9f04-448e-bed7-30effeae8dbd - INFO: http://127.0.0.1:8000/data/subject?limit=100&offset=0
2025-01-07 08:31:01,251 - dd877d52-9f04-448e-bed7-30effeae8dbd - INFO: Building fetch_rows query
2025-01-07 08:31:01,251 - dd877d52-9f04-448e-bed7-30effeae8dbd - INFO: Building MATCH conditions
2025-01-07 08:31:01,251 - dd877d52-9f04-448e-bed7-30effeae8dbd - INFO: Building SELECT clause
2025-01-07 08:31:01,777 - dd877d52-9f04-448e-bed7-30effeae8dbd - INFO: Query execution time: 0.514894962310791s
2025-01-07 08:31:01,778 - dd877d52-9f04-448e-bed7-30effeae8dbd - INFO: Returning 10 rows out of 10 results | limit=100 & offset=0
2025-01-07 08:31:01,781 - dd877d52-9f04-448e-bed7-30effeae8dbd - INFO: Success
2025-01-07 09:37:36,212 - d28a2461-476e-43aa-bd4e-06bf378f41d7 - INFO: data/subject endpoint hit: Address(host='127.0.0.1', port=58017)
2025-01-07 09:37:36,212 - d28a2461-476e-43aa-bd4e-06bf378f41d7 - INFO: QNode: {"MATCH_ALL": ["subject_id_alias < 10"], "MATCH_SOME": None, "ADD_COLUMNS": None, "EXCLUDE_COLUMNS": None}
2025-01-07 09:37:36,213 - d28a2461-476e-43aa-bd4e-06bf378f41d7 - INFO: http://127.0.0.1:8000/data/subject?limit=100&offset=0
2025-01-07 09:37:36,213 - d28a2461-476e-43aa-bd4e-06bf378f41d7 - INFO: Building fetch_rows query
2025-01-07 09:37:36,213 - d28a2461-476e-43aa-bd4e-06bf378f41d7 - INFO: Building MATCH conditions
2025-01-07 09:37:36,214 - d28a2461-476e-43aa-bd4e-06bf378f41d7 - INFO: Building SELECT clause
2025-01-07 09:37:36,228 - d28a2461-476e-43aa-bd4e-06bf378f41d7 - ERROR: (psycopg2.OperationalError) server closed the connection unexpectedly
	This probably means the server terminated abnormally
	before or while processing the request.

[SQL: WITH subject_preselect AS 
(SELECT subject.id_alias AS id_alias 
FROM subject 
WHERE subject.id_alias < %(id_alias_1)s)
 SELECT row_to_json(json_result) AS row_to_json_1 
FROM (SELECT subject.id AS subject_id, subject.crdc_id AS subject_crdc_id, subject.species AS species, subject.year_of_birth AS year_of_birth, subject.year_of_death AS year_of_death, subject.cause_of_death AS cause_of_death, subject.race AS race, subject.ethnicity AS ethnicity 
FROM subject 
WHERE subject.id_alias IN (SELECT subject_preselect.id_alias 
FROM subject_preselect)) AS json_result 
 LIMIT %(param_1)s OFFSET %(param_2)s]
[parameters: {'id_alias_1': 10, 'param_1': 100, 'param_2': 0}]
(Background on this error at: https://sqlalche.me/e/20/e3q8)
Traceback (most recent call last):
  File "/Users/coontd/cda/cda-api/.venv/lib/python3.12/site-packages/sqlalchemy/engine/base.py", line 1967, in _exec_single_context
    self.dialect.do_execute(
  File "/Users/coontd/cda/cda-api/.venv/lib/python3.12/site-packages/sqlalchemy/engine/default.py", line 941, in do_execute
    cursor.execute(statement, parameters)
psycopg2.OperationalError: server closed the connection unexpectedly
	This probably means the server terminated abnormally
	before or while processing the request.


The above exception was the direct cause of the following exception:

Traceback (most recent call last):
  File "/Users/coontd/cda/cda-api/cda_api/routers/data.py", line 56, in subject_fetch_rows_endpoint
    result = fetch_rows(db, endpoint_tablename='subject', qnode=qnode, limit=limit, offset=offset, log=log)
             ^^^^^^^^^^^^^^^^^^^^^^^^^^^^^^^^^^^^^^^^^^^^^^^^^^^^^^^^^^^^^^^^^^^^^^^^^^^^^^^^^^^^^^^^^^^^^^
  File "/Users/coontd/cda/cda-api/cda_api/db/query_builders.py", line 67, in fetch_rows
    result = query.offset(offset).limit(limit).all()
             ^^^^^^^^^^^^^^^^^^^^^^^^^^^^^^^^^^^^^^^
  File "/Users/coontd/cda/cda-api/.venv/lib/python3.12/site-packages/sqlalchemy/orm/query.py", line 2673, in all
    return self._iter().all()  # type: ignore
           ^^^^^^^^^^^^
  File "/Users/coontd/cda/cda-api/.venv/lib/python3.12/site-packages/sqlalchemy/orm/query.py", line 2827, in _iter
    result: Union[ScalarResult[_T], Result[_T]] = self.session.execute(
                                                  ^^^^^^^^^^^^^^^^^^^^^
  File "/Users/coontd/cda/cda-api/.venv/lib/python3.12/site-packages/sqlalchemy/orm/session.py", line 2362, in execute
    return self._execute_internal(
           ^^^^^^^^^^^^^^^^^^^^^^^
  File "/Users/coontd/cda/cda-api/.venv/lib/python3.12/site-packages/sqlalchemy/orm/session.py", line 2247, in _execute_internal
    result: Result[Any] = compile_state_cls.orm_execute_statement(
                          ^^^^^^^^^^^^^^^^^^^^^^^^^^^^^^^^^^^^^^^^
  File "/Users/coontd/cda/cda-api/.venv/lib/python3.12/site-packages/sqlalchemy/orm/context.py", line 305, in orm_execute_statement
    result = conn.execute(
             ^^^^^^^^^^^^^
  File "/Users/coontd/cda/cda-api/.venv/lib/python3.12/site-packages/sqlalchemy/engine/base.py", line 1418, in execute
    return meth(
           ^^^^^
  File "/Users/coontd/cda/cda-api/.venv/lib/python3.12/site-packages/sqlalchemy/sql/elements.py", line 515, in _execute_on_connection
    return connection._execute_clauseelement(
           ^^^^^^^^^^^^^^^^^^^^^^^^^^^^^^^^^^
  File "/Users/coontd/cda/cda-api/.venv/lib/python3.12/site-packages/sqlalchemy/engine/base.py", line 1640, in _execute_clauseelement
    ret = self._execute_context(
          ^^^^^^^^^^^^^^^^^^^^^^
  File "/Users/coontd/cda/cda-api/.venv/lib/python3.12/site-packages/sqlalchemy/engine/base.py", line 1846, in _execute_context
    return self._exec_single_context(
           ^^^^^^^^^^^^^^^^^^^^^^^^^^
  File "/Users/coontd/cda/cda-api/.venv/lib/python3.12/site-packages/sqlalchemy/engine/base.py", line 1986, in _exec_single_context
    self._handle_dbapi_exception(
  File "/Users/coontd/cda/cda-api/.venv/lib/python3.12/site-packages/sqlalchemy/engine/base.py", line 2355, in _handle_dbapi_exception
    raise sqlalchemy_exception.with_traceback(exc_info[2]) from e
  File "/Users/coontd/cda/cda-api/.venv/lib/python3.12/site-packages/sqlalchemy/engine/base.py", line 1967, in _exec_single_context
    self.dialect.do_execute(
  File "/Users/coontd/cda/cda-api/.venv/lib/python3.12/site-packages/sqlalchemy/engine/default.py", line 941, in do_execute
    cursor.execute(statement, parameters)
sqlalchemy.exc.OperationalError: (psycopg2.OperationalError) server closed the connection unexpectedly
	This probably means the server terminated abnormally
	before or while processing the request.

[SQL: WITH subject_preselect AS 
(SELECT subject.id_alias AS id_alias 
FROM subject 
WHERE subject.id_alias < %(id_alias_1)s)
 SELECT row_to_json(json_result) AS row_to_json_1 
FROM (SELECT subject.id AS subject_id, subject.crdc_id AS subject_crdc_id, subject.species AS species, subject.year_of_birth AS year_of_birth, subject.year_of_death AS year_of_death, subject.cause_of_death AS cause_of_death, subject.race AS race, subject.ethnicity AS ethnicity 
FROM subject 
WHERE subject.id_alias IN (SELECT subject_preselect.id_alias 
FROM subject_preselect)) AS json_result 
 LIMIT %(param_1)s OFFSET %(param_2)s]
[parameters: {'id_alias_1': 10, 'param_1': 100, 'param_2': 0}]
(Background on this error at: https://sqlalche.me/e/20/e3q8)
2025-01-07 09:37:39,772 - 87b01cf6-c987-47af-864c-c508d3b75bd3 - INFO: data/subject endpoint hit: Address(host='127.0.0.1', port=58017)
2025-01-07 09:37:39,772 - 87b01cf6-c987-47af-864c-c508d3b75bd3 - INFO: QNode: {"MATCH_ALL": ["subject_id_alias < 10"], "MATCH_SOME": None, "ADD_COLUMNS": None, "EXCLUDE_COLUMNS": None}
2025-01-07 09:37:39,772 - 87b01cf6-c987-47af-864c-c508d3b75bd3 - INFO: http://127.0.0.1:8000/data/subject?limit=100&offset=0
2025-01-07 09:37:39,772 - 87b01cf6-c987-47af-864c-c508d3b75bd3 - INFO: Building fetch_rows query
2025-01-07 09:37:39,772 - 87b01cf6-c987-47af-864c-c508d3b75bd3 - INFO: Building MATCH conditions
2025-01-07 09:37:39,773 - 87b01cf6-c987-47af-864c-c508d3b75bd3 - INFO: Building SELECT clause
2025-01-07 09:37:40,362 - 87b01cf6-c987-47af-864c-c508d3b75bd3 - INFO: Query execution time: 0.5744709968566895s
2025-01-07 09:37:40,362 - 87b01cf6-c987-47af-864c-c508d3b75bd3 - INFO: Returning 10 rows out of 10 results | limit=100 & offset=0
2025-01-07 09:37:40,365 - 87b01cf6-c987-47af-864c-c508d3b75bd3 - INFO: Success
2025-01-07 09:41:08,347 - Setup: connection.py - INFO: Creating database connection url from environment variables found in config/.env
2025-01-07 09:41:08,347 - Setup: connection.py - INFO: Creating database engine and session objects
2025-01-07 09:41:08,385 - Setup: schema.py - INFO: Building SQLAlchemy automap
2025-01-07 09:41:10,058 - Setup: schema.py - INFO: Successfully built SQLAlchemy automap
2025-01-07 09:41:10,058 - Setup: schema.py - INFO: Adding relationships to file table
2025-01-07 09:41:10,059 - Setup: schema.py - INFO: Adding relationships to project table
2025-01-07 09:41:10,059 - Setup: schema.py - INFO: Successfully added relationships to file and project tables
2025-01-07 09:41:10,069 - Setup: DatabaseMap.py - INFO: Building column_metadata map
2025-01-07 09:41:10,181 - Setup: DatabaseMap.py - INFO: Building DatabaseMap Object
2025-01-07 09:41:10,181 - Setup: DatabaseMap.py - INFO: Building metadata variables from automapped Base
2025-01-07 09:41:10,182 - Setup: DatabaseMap.py - INFO: Building entity class variables from automapped Base
2025-01-07 09:41:10,182 - Setup: DatabaseMap.py - INFO: Building column map
2025-01-07 09:41:10,183 - Setup: DatabaseMap.py - INFO: Building relationship map
2025-01-07 09:41:20,040 - 441f25c3-6079-48b5-ac08-303ff1a496f6 - INFO: data/subject endpoint hit: Address(host='127.0.0.1', port=58200)
2025-01-07 09:41:20,040 - 441f25c3-6079-48b5-ac08-303ff1a496f6 - INFO: QNode: {"MATCH_ALL": ["subject_id_alias < 10"], "MATCH_SOME": None, "ADD_COLUMNS": None, "EXCLUDE_COLUMNS": None}
2025-01-07 09:41:20,040 - 441f25c3-6079-48b5-ac08-303ff1a496f6 - INFO: http://127.0.0.1:8000/data/subject?limit=100&offset=0
2025-01-07 09:41:20,040 - 441f25c3-6079-48b5-ac08-303ff1a496f6 - INFO: Building fetch_rows query
2025-01-07 09:41:20,040 - 441f25c3-6079-48b5-ac08-303ff1a496f6 - INFO: Building MATCH conditions
2025-01-07 09:41:20,042 - 441f25c3-6079-48b5-ac08-303ff1a496f6 - INFO: Building SELECT clause
2025-01-07 09:41:20,578 - 441f25c3-6079-48b5-ac08-303ff1a496f6 - INFO: Query execution time: 0.5211360454559326s
2025-01-07 09:41:20,579 - 441f25c3-6079-48b5-ac08-303ff1a496f6 - INFO: Returning 10 rows out of 10 results | limit=100 & offset=0
2025-01-07 09:41:20,580 - 441f25c3-6079-48b5-ac08-303ff1a496f6 - INFO: Success
2025-01-07 09:41:29,480 - 4c8b5ee3-3ee9-417c-846b-17c3766e19e7 - INFO: data/subject endpoint hit: Address(host='127.0.0.1', port=58213)
2025-01-07 09:41:29,480 - 4c8b5ee3-3ee9-417c-846b-17c3766e19e7 - INFO: QNode: {"MATCH_ALL": ["subject_id_alias < 10"], "MATCH_SOME": None, "ADD_COLUMNS": None, "EXCLUDE_COLUMNS": None}
2025-01-07 09:41:29,480 - 4c8b5ee3-3ee9-417c-846b-17c3766e19e7 - INFO: http://127.0.0.1:8000/data/subject?limit=100&offset=0
2025-01-07 09:41:29,480 - 4c8b5ee3-3ee9-417c-846b-17c3766e19e7 - INFO: Building fetch_rows query
2025-01-07 09:41:29,480 - 4c8b5ee3-3ee9-417c-846b-17c3766e19e7 - INFO: Building MATCH conditions
2025-01-07 09:41:29,481 - 4c8b5ee3-3ee9-417c-846b-17c3766e19e7 - INFO: Building SELECT clause
2025-01-07 09:41:29,496 - 4c8b5ee3-3ee9-417c-846b-17c3766e19e7 - ERROR: (psycopg2.OperationalError) server closed the connection unexpectedly
	This probably means the server terminated abnormally
	before or while processing the request.

[SQL: WITH subject_preselect AS 
(SELECT subject.id_alias AS id_alias 
FROM subject 
WHERE subject.id_alias < %(id_alias_1)s)
 SELECT row_to_json(json_result) AS row_to_json_1 
FROM (SELECT subject.id AS subject_id, subject.crdc_id AS subject_crdc_id, subject.species AS species, subject.year_of_birth AS year_of_birth, subject.year_of_death AS year_of_death, subject.cause_of_death AS cause_of_death, subject.race AS race, subject.ethnicity AS ethnicity 
FROM subject 
WHERE subject.id_alias IN (SELECT subject_preselect.id_alias 
FROM subject_preselect)) AS json_result 
 LIMIT %(param_1)s OFFSET %(param_2)s]
[parameters: {'id_alias_1': 10, 'param_1': 100, 'param_2': 0}]
(Background on this error at: https://sqlalche.me/e/20/e3q8)
Traceback (most recent call last):
  File "/Users/coontd/cda/cda-api/.venv/lib/python3.12/site-packages/sqlalchemy/engine/base.py", line 1967, in _exec_single_context
    self.dialect.do_execute(
  File "/Users/coontd/cda/cda-api/.venv/lib/python3.12/site-packages/sqlalchemy/engine/default.py", line 941, in do_execute
    cursor.execute(statement, parameters)
psycopg2.OperationalError: server closed the connection unexpectedly
	This probably means the server terminated abnormally
	before or while processing the request.


The above exception was the direct cause of the following exception:

Traceback (most recent call last):
  File "/Users/coontd/cda/cda-api/cda_api/routers/data.py", line 57, in subject_fetch_rows_endpoint
    result = fetch_rows(db, endpoint_tablename='subject', qnode=qnode, limit=limit, offset=offset, log=log)
             ^^^^^^^^^^^^^^^^^^^^^^^^^^^^^^^^^^^^^^^^^^^^^^^^^^^^^^^^^^^^^^^^^^^^^^^^^^^^^^^^^^^^^^^^^^^^^^
  File "/Users/coontd/cda/cda-api/cda_api/db/query_builders.py", line 67, in fetch_rows
    result = query.offset(offset).limit(limit).all()
             ^^^^^^^^^^^^^^^^^^^^^^^^^^^^^^^^^^^^^^^
  File "/Users/coontd/cda/cda-api/.venv/lib/python3.12/site-packages/sqlalchemy/orm/query.py", line 2673, in all
    return self._iter().all()  # type: ignore
           ^^^^^^^^^^^^
  File "/Users/coontd/cda/cda-api/.venv/lib/python3.12/site-packages/sqlalchemy/orm/query.py", line 2827, in _iter
    result: Union[ScalarResult[_T], Result[_T]] = self.session.execute(
                                                  ^^^^^^^^^^^^^^^^^^^^^
  File "/Users/coontd/cda/cda-api/.venv/lib/python3.12/site-packages/sqlalchemy/orm/session.py", line 2362, in execute
    return self._execute_internal(
           ^^^^^^^^^^^^^^^^^^^^^^^
  File "/Users/coontd/cda/cda-api/.venv/lib/python3.12/site-packages/sqlalchemy/orm/session.py", line 2247, in _execute_internal
    result: Result[Any] = compile_state_cls.orm_execute_statement(
                          ^^^^^^^^^^^^^^^^^^^^^^^^^^^^^^^^^^^^^^^^
  File "/Users/coontd/cda/cda-api/.venv/lib/python3.12/site-packages/sqlalchemy/orm/context.py", line 305, in orm_execute_statement
    result = conn.execute(
             ^^^^^^^^^^^^^
  File "/Users/coontd/cda/cda-api/.venv/lib/python3.12/site-packages/sqlalchemy/engine/base.py", line 1418, in execute
    return meth(
           ^^^^^
  File "/Users/coontd/cda/cda-api/.venv/lib/python3.12/site-packages/sqlalchemy/sql/elements.py", line 515, in _execute_on_connection
    return connection._execute_clauseelement(
           ^^^^^^^^^^^^^^^^^^^^^^^^^^^^^^^^^^
  File "/Users/coontd/cda/cda-api/.venv/lib/python3.12/site-packages/sqlalchemy/engine/base.py", line 1640, in _execute_clauseelement
    ret = self._execute_context(
          ^^^^^^^^^^^^^^^^^^^^^^
  File "/Users/coontd/cda/cda-api/.venv/lib/python3.12/site-packages/sqlalchemy/engine/base.py", line 1846, in _execute_context
    return self._exec_single_context(
           ^^^^^^^^^^^^^^^^^^^^^^^^^^
  File "/Users/coontd/cda/cda-api/.venv/lib/python3.12/site-packages/sqlalchemy/engine/base.py", line 1986, in _exec_single_context
    self._handle_dbapi_exception(
  File "/Users/coontd/cda/cda-api/.venv/lib/python3.12/site-packages/sqlalchemy/engine/base.py", line 2355, in _handle_dbapi_exception
    raise sqlalchemy_exception.with_traceback(exc_info[2]) from e
  File "/Users/coontd/cda/cda-api/.venv/lib/python3.12/site-packages/sqlalchemy/engine/base.py", line 1967, in _exec_single_context
    self.dialect.do_execute(
  File "/Users/coontd/cda/cda-api/.venv/lib/python3.12/site-packages/sqlalchemy/engine/default.py", line 941, in do_execute
    cursor.execute(statement, parameters)
sqlalchemy.exc.OperationalError: (psycopg2.OperationalError) server closed the connection unexpectedly
	This probably means the server terminated abnormally
	before or while processing the request.

[SQL: WITH subject_preselect AS 
(SELECT subject.id_alias AS id_alias 
FROM subject 
WHERE subject.id_alias < %(id_alias_1)s)
 SELECT row_to_json(json_result) AS row_to_json_1 
FROM (SELECT subject.id AS subject_id, subject.crdc_id AS subject_crdc_id, subject.species AS species, subject.year_of_birth AS year_of_birth, subject.year_of_death AS year_of_death, subject.cause_of_death AS cause_of_death, subject.race AS race, subject.ethnicity AS ethnicity 
FROM subject 
WHERE subject.id_alias IN (SELECT subject_preselect.id_alias 
FROM subject_preselect)) AS json_result 
 LIMIT %(param_1)s OFFSET %(param_2)s]
[parameters: {'id_alias_1': 10, 'param_1': 100, 'param_2': 0}]
(Background on this error at: https://sqlalche.me/e/20/e3q8)
2025-01-07 09:41:36,114 - a51735bb-27f0-4f2f-9df6-4f210b933025 - INFO: data/subject endpoint hit: Address(host='127.0.0.1', port=58228)
2025-01-07 09:41:36,114 - a51735bb-27f0-4f2f-9df6-4f210b933025 - INFO: QNode: {"MATCH_ALL": ["subject_id_alias < 10"], "MATCH_SOME": None, "ADD_COLUMNS": None, "EXCLUDE_COLUMNS": None}
2025-01-07 09:41:36,114 - a51735bb-27f0-4f2f-9df6-4f210b933025 - INFO: http://127.0.0.1:8000/data/subject?limit=100&offset=0
2025-01-07 09:41:36,114 - a51735bb-27f0-4f2f-9df6-4f210b933025 - INFO: Building fetch_rows query
2025-01-07 09:41:36,114 - a51735bb-27f0-4f2f-9df6-4f210b933025 - INFO: Building MATCH conditions
2025-01-07 09:41:36,115 - a51735bb-27f0-4f2f-9df6-4f210b933025 - INFO: Building SELECT clause
2025-01-07 09:41:36,653 - a51735bb-27f0-4f2f-9df6-4f210b933025 - INFO: Query execution time: 0.5242769718170166s
2025-01-07 09:41:36,654 - a51735bb-27f0-4f2f-9df6-4f210b933025 - INFO: Returning 10 rows out of 10 results | limit=100 & offset=0
2025-01-07 09:41:36,661 - a51735bb-27f0-4f2f-9df6-4f210b933025 - INFO: Success
2025-01-07 09:43:10,835 - Setup: connection.py - INFO: Creating database connection url from environment variables found in config/.env
2025-01-07 09:43:10,835 - Setup: connection.py - INFO: Creating database engine and session objects
2025-01-07 09:43:10,870 - Setup: schema.py - INFO: Building SQLAlchemy automap
2025-01-07 09:43:12,479 - Setup: schema.py - INFO: Successfully built SQLAlchemy automap
2025-01-07 09:43:12,479 - Setup: schema.py - INFO: Adding relationships to file table
2025-01-07 09:43:12,479 - Setup: schema.py - INFO: Adding relationships to project table
2025-01-07 09:43:12,479 - Setup: schema.py - INFO: Successfully added relationships to file and project tables
2025-01-07 09:43:12,486 - Setup: DatabaseMap.py - INFO: Building column_metadata map
2025-01-07 09:43:12,588 - Setup: DatabaseMap.py - INFO: Building DatabaseMap Object
2025-01-07 09:43:12,588 - Setup: DatabaseMap.py - INFO: Building metadata variables from automapped Base
2025-01-07 09:43:12,588 - Setup: DatabaseMap.py - INFO: Building entity class variables from automapped Base
2025-01-07 09:43:12,588 - Setup: DatabaseMap.py - INFO: Building column map
2025-01-07 09:43:12,589 - Setup: DatabaseMap.py - INFO: Building relationship map
2025-01-07 09:43:13,149 - Setup: connection.py - INFO: Creating database connection url from environment variables found in config/.env
2025-01-07 09:43:13,150 - Setup: connection.py - INFO: Creating database engine and session objects
2025-01-07 09:43:13,178 - Setup: schema.py - INFO: Building SQLAlchemy automap
2025-01-07 09:43:14,809 - Setup: schema.py - INFO: Successfully built SQLAlchemy automap
2025-01-07 09:43:14,809 - Setup: schema.py - INFO: Adding relationships to file table
2025-01-07 09:43:14,810 - Setup: schema.py - INFO: Adding relationships to project table
2025-01-07 09:43:14,810 - Setup: schema.py - INFO: Successfully added relationships to file and project tables
2025-01-07 09:43:14,822 - Setup: DatabaseMap.py - INFO: Building column_metadata map
2025-01-07 09:43:14,928 - Setup: DatabaseMap.py - INFO: Building DatabaseMap Object
2025-01-07 09:43:14,928 - Setup: DatabaseMap.py - INFO: Building metadata variables from automapped Base
2025-01-07 09:43:14,928 - Setup: DatabaseMap.py - INFO: Building entity class variables from automapped Base
2025-01-07 09:43:14,929 - Setup: DatabaseMap.py - INFO: Building column map
2025-01-07 09:43:14,931 - Setup: DatabaseMap.py - INFO: Building relationship map
2025-01-07 09:46:08,708 - Setup: connection.py - INFO: Creating database connection url from environment variables found in config/.env
2025-01-07 09:46:08,708 - Setup: connection.py - INFO: Creating database engine and session objects
2025-01-07 09:46:08,745 - Setup: schema.py - INFO: Building SQLAlchemy automap
2025-01-07 09:46:10,321 - Setup: schema.py - INFO: Successfully built SQLAlchemy automap
2025-01-07 09:46:10,321 - Setup: schema.py - INFO: Adding relationships to file table
2025-01-07 09:46:10,321 - Setup: schema.py - INFO: Adding relationships to project table
2025-01-07 09:46:10,322 - Setup: schema.py - INFO: Successfully added relationships to file and project tables
2025-01-07 09:46:10,328 - Setup: DatabaseMap.py - INFO: Building column_metadata map
2025-01-07 09:46:10,434 - Setup: DatabaseMap.py - INFO: Building DatabaseMap Object
2025-01-07 09:46:10,434 - Setup: DatabaseMap.py - INFO: Building metadata variables from automapped Base
2025-01-07 09:46:10,434 - Setup: DatabaseMap.py - INFO: Building entity class variables from automapped Base
2025-01-07 09:46:10,434 - Setup: DatabaseMap.py - INFO: Building column map
2025-01-07 09:46:10,435 - Setup: DatabaseMap.py - INFO: Building relationship map
2025-01-07 09:52:56,273 - Setup: connection.py - INFO: Creating database connection url from environment variables found in config/.env
2025-01-07 09:52:56,274 - Setup: connection.py - INFO: Creating database engine and session objects
2025-01-07 09:52:56,308 - Setup: schema.py - INFO: Building SQLAlchemy automap
2025-01-07 09:52:57,884 - Setup: schema.py - INFO: Successfully built SQLAlchemy automap
2025-01-07 09:52:57,884 - Setup: schema.py - INFO: Adding relationships to file table
2025-01-07 09:52:57,884 - Setup: schema.py - INFO: Adding relationships to project table
2025-01-07 09:52:57,884 - Setup: schema.py - INFO: Successfully added relationships to file and project tables
2025-01-07 09:52:57,893 - Setup: DatabaseMap.py - INFO: Building column_metadata map
2025-01-07 09:52:57,995 - Setup: DatabaseMap.py - INFO: Building DatabaseMap Object
2025-01-07 09:52:57,995 - Setup: DatabaseMap.py - INFO: Building metadata variables from automapped Base
2025-01-07 09:52:57,995 - Setup: DatabaseMap.py - INFO: Building entity class variables from automapped Base
2025-01-07 09:52:57,995 - Setup: DatabaseMap.py - INFO: Building column map
2025-01-07 09:52:57,996 - Setup: DatabaseMap.py - INFO: Building relationship map
2025-01-07 09:53:02,959 - Setup: connection.py - INFO: Creating database connection url from environment variables found in config/.env
2025-01-07 09:53:02,959 - Setup: connection.py - INFO: Creating database engine and session objects
2025-01-07 09:53:02,991 - Setup: schema.py - INFO: Building SQLAlchemy automap
2025-01-07 09:53:04,608 - Setup: schema.py - INFO: Successfully built SQLAlchemy automap
2025-01-07 09:53:04,608 - Setup: schema.py - INFO: Adding relationships to file table
2025-01-07 09:53:04,609 - Setup: schema.py - INFO: Adding relationships to project table
2025-01-07 09:53:04,609 - Setup: schema.py - INFO: Successfully added relationships to file and project tables
2025-01-07 09:53:04,617 - Setup: DatabaseMap.py - INFO: Building column_metadata map
2025-01-07 09:53:04,724 - Setup: DatabaseMap.py - INFO: Building DatabaseMap Object
2025-01-07 09:53:04,724 - Setup: DatabaseMap.py - INFO: Building metadata variables from automapped Base
2025-01-07 09:53:04,724 - Setup: DatabaseMap.py - INFO: Building entity class variables from automapped Base
2025-01-07 09:53:04,724 - Setup: DatabaseMap.py - INFO: Building column map
2025-01-07 09:53:04,725 - Setup: DatabaseMap.py - INFO: Building relationship map
2025-01-07 09:53:55,633 - Setup: connection.py - INFO: Creating database connection url from environment variables found in config/.env
2025-01-07 09:53:55,633 - Setup: connection.py - INFO: Creating database engine and session objects
2025-01-07 09:53:55,662 - Setup: schema.py - INFO: Building SQLAlchemy automap
2025-01-07 09:53:57,271 - Setup: schema.py - INFO: Successfully built SQLAlchemy automap
2025-01-07 09:53:57,271 - Setup: schema.py - INFO: Adding relationships to file table
2025-01-07 09:53:57,272 - Setup: schema.py - INFO: Adding relationships to project table
2025-01-07 09:53:57,272 - Setup: schema.py - INFO: Successfully added relationships to file and project tables
2025-01-07 09:53:57,279 - Setup: DatabaseMap.py - INFO: Building column_metadata map
2025-01-07 09:53:57,380 - Setup: DatabaseMap.py - INFO: Building DatabaseMap Object
2025-01-07 09:53:57,380 - Setup: DatabaseMap.py - INFO: Building metadata variables from automapped Base
2025-01-07 09:53:57,380 - Setup: DatabaseMap.py - INFO: Building entity class variables from automapped Base
2025-01-07 09:53:57,380 - Setup: DatabaseMap.py - INFO: Building column map
2025-01-07 09:53:57,381 - Setup: DatabaseMap.py - INFO: Building relationship map
2025-01-07 09:54:09,066 - bcdb3818-8c53-4a8e-a42f-6c06ad941650 - INFO: data/subject endpoint hit: Address(host='127.0.0.1', port=58883)
2025-01-07 09:54:09,066 - bcdb3818-8c53-4a8e-a42f-6c06ad941650 - INFO: QNode: {"MATCH_ALL": ["subject_id_alias < 10"], "MATCH_SOME": None, "ADD_COLUMNS": None, "EXCLUDE_COLUMNS": None}
2025-01-07 09:54:09,066 - bcdb3818-8c53-4a8e-a42f-6c06ad941650 - INFO: http://127.0.0.1:8000/data/subject?limit=100&offset=0
2025-01-07 09:54:09,066 - bcdb3818-8c53-4a8e-a42f-6c06ad941650 - INFO: Building fetch_rows query
2025-01-07 09:54:09,066 - bcdb3818-8c53-4a8e-a42f-6c06ad941650 - INFO: Building MATCH conditions
2025-01-07 09:54:09,068 - bcdb3818-8c53-4a8e-a42f-6c06ad941650 - INFO: Building SELECT clause
2025-01-07 09:54:09,084 - bcdb3818-8c53-4a8e-a42f-6c06ad941650 - ERROR: (psycopg2.OperationalError) connection to server at "127.0.0.1", port 5432 failed: Connection refused
	Is the server running on that host and accepting TCP/IP connections?

(Background on this error at: https://sqlalche.me/e/20/e3q8)
Traceback (most recent call last):
  File "/Users/coontd/cda/cda-api/.venv/lib/python3.12/site-packages/sqlalchemy/engine/base.py", line 146, in __init__
    self._dbapi_connection = engine.raw_connection()
                             ^^^^^^^^^^^^^^^^^^^^^^^
  File "/Users/coontd/cda/cda-api/.venv/lib/python3.12/site-packages/sqlalchemy/engine/base.py", line 3302, in raw_connection
    return self.pool.connect()
           ^^^^^^^^^^^^^^^^^^^
  File "/Users/coontd/cda/cda-api/.venv/lib/python3.12/site-packages/sqlalchemy/pool/base.py", line 449, in connect
    return _ConnectionFairy._checkout(self)
           ^^^^^^^^^^^^^^^^^^^^^^^^^^^^^^^^
  File "/Users/coontd/cda/cda-api/.venv/lib/python3.12/site-packages/sqlalchemy/pool/base.py", line 1263, in _checkout
    fairy = _ConnectionRecord.checkout(pool)
            ^^^^^^^^^^^^^^^^^^^^^^^^^^^^^^^^
  File "/Users/coontd/cda/cda-api/.venv/lib/python3.12/site-packages/sqlalchemy/pool/base.py", line 712, in checkout
    rec = pool._do_get()
          ^^^^^^^^^^^^^^
  File "/Users/coontd/cda/cda-api/.venv/lib/python3.12/site-packages/sqlalchemy/pool/impl.py", line 179, in _do_get
    with util.safe_reraise():
         ^^^^^^^^^^^^^^^^^^^
  File "/Users/coontd/cda/cda-api/.venv/lib/python3.12/site-packages/sqlalchemy/util/langhelpers.py", line 146, in __exit__
    raise exc_value.with_traceback(exc_tb)
  File "/Users/coontd/cda/cda-api/.venv/lib/python3.12/site-packages/sqlalchemy/pool/impl.py", line 177, in _do_get
    return self._create_connection()
           ^^^^^^^^^^^^^^^^^^^^^^^^^
  File "/Users/coontd/cda/cda-api/.venv/lib/python3.12/site-packages/sqlalchemy/pool/base.py", line 390, in _create_connection
    return _ConnectionRecord(self)
           ^^^^^^^^^^^^^^^^^^^^^^^
  File "/Users/coontd/cda/cda-api/.venv/lib/python3.12/site-packages/sqlalchemy/pool/base.py", line 674, in __init__
    self.__connect()
  File "/Users/coontd/cda/cda-api/.venv/lib/python3.12/site-packages/sqlalchemy/pool/base.py", line 900, in __connect
    with util.safe_reraise():
         ^^^^^^^^^^^^^^^^^^^
  File "/Users/coontd/cda/cda-api/.venv/lib/python3.12/site-packages/sqlalchemy/util/langhelpers.py", line 146, in __exit__
    raise exc_value.with_traceback(exc_tb)
  File "/Users/coontd/cda/cda-api/.venv/lib/python3.12/site-packages/sqlalchemy/pool/base.py", line 896, in __connect
    self.dbapi_connection = connection = pool._invoke_creator(self)
                                         ^^^^^^^^^^^^^^^^^^^^^^^^^^
  File "/Users/coontd/cda/cda-api/.venv/lib/python3.12/site-packages/sqlalchemy/engine/create.py", line 643, in connect
    return dialect.connect(*cargs, **cparams)
           ^^^^^^^^^^^^^^^^^^^^^^^^^^^^^^^^^^
  File "/Users/coontd/cda/cda-api/.venv/lib/python3.12/site-packages/sqlalchemy/engine/default.py", line 621, in connect
    return self.loaded_dbapi.connect(*cargs, **cparams)
           ^^^^^^^^^^^^^^^^^^^^^^^^^^^^^^^^^^^^^^^^^^^^
  File "/Users/coontd/cda/cda-api/.venv/lib/python3.12/site-packages/psycopg2/__init__.py", line 122, in connect
    conn = _connect(dsn, connection_factory=connection_factory, **kwasync)
           ^^^^^^^^^^^^^^^^^^^^^^^^^^^^^^^^^^^^^^^^^^^^^^^^^^^^^^^^^^^^^^^
psycopg2.OperationalError: connection to server at "127.0.0.1", port 5432 failed: Connection refused
	Is the server running on that host and accepting TCP/IP connections?


The above exception was the direct cause of the following exception:

Traceback (most recent call last):
  File "/Users/coontd/cda/cda-api/cda_api/routers/data.py", line 57, in subject_fetch_rows_endpoint
    result = fetch_rows(db, endpoint_tablename='subject', qnode=qnode, limit=limit, offset=offset, log=log)
             ^^^^^^^^^^^^^^^^^^^^^^^^^^^^^^^^^^^^^^^^^^^^^^^^^^^^^^^^^^^^^^^^^^^^^^^^^^^^^^^^^^^^^^^^^^^^^^
  File "/Users/coontd/cda/cda-api/cda_api/db/query_builders.py", line 67, in fetch_rows
    result = query.offset(offset).limit(limit).all()
             ^^^^^^^^^^^^^^^^^^^^^^^^^^^^^^^^^^^^^^^
  File "/Users/coontd/cda/cda-api/.venv/lib/python3.12/site-packages/sqlalchemy/orm/query.py", line 2673, in all
    return self._iter().all()  # type: ignore
           ^^^^^^^^^^^^
  File "/Users/coontd/cda/cda-api/.venv/lib/python3.12/site-packages/sqlalchemy/orm/query.py", line 2827, in _iter
    result: Union[ScalarResult[_T], Result[_T]] = self.session.execute(
                                                  ^^^^^^^^^^^^^^^^^^^^^
  File "/Users/coontd/cda/cda-api/.venv/lib/python3.12/site-packages/sqlalchemy/orm/session.py", line 2362, in execute
    return self._execute_internal(
           ^^^^^^^^^^^^^^^^^^^^^^^
  File "/Users/coontd/cda/cda-api/.venv/lib/python3.12/site-packages/sqlalchemy/orm/session.py", line 2237, in _execute_internal
    conn = self._connection_for_bind(bind)
           ^^^^^^^^^^^^^^^^^^^^^^^^^^^^^^^
  File "/Users/coontd/cda/cda-api/.venv/lib/python3.12/site-packages/sqlalchemy/orm/session.py", line 2106, in _connection_for_bind
    return trans._connection_for_bind(engine, execution_options)
           ^^^^^^^^^^^^^^^^^^^^^^^^^^^^^^^^^^^^^^^^^^^^^^^^^^^^^
  File "<string>", line 2, in _connection_for_bind
  File "/Users/coontd/cda/cda-api/.venv/lib/python3.12/site-packages/sqlalchemy/orm/state_changes.py", line 139, in _go
    ret_value = fn(self, *arg, **kw)
                ^^^^^^^^^^^^^^^^^^^^
  File "/Users/coontd/cda/cda-api/.venv/lib/python3.12/site-packages/sqlalchemy/orm/session.py", line 1189, in _connection_for_bind
    conn = bind.connect()
           ^^^^^^^^^^^^^^
  File "/Users/coontd/cda/cda-api/.venv/lib/python3.12/site-packages/sqlalchemy/engine/base.py", line 3278, in connect
    return self._connection_cls(self)
           ^^^^^^^^^^^^^^^^^^^^^^^^^^
  File "/Users/coontd/cda/cda-api/.venv/lib/python3.12/site-packages/sqlalchemy/engine/base.py", line 148, in __init__
    Connection._handle_dbapi_exception_noconnection(
  File "/Users/coontd/cda/cda-api/.venv/lib/python3.12/site-packages/sqlalchemy/engine/base.py", line 2442, in _handle_dbapi_exception_noconnection
    raise sqlalchemy_exception.with_traceback(exc_info[2]) from e
  File "/Users/coontd/cda/cda-api/.venv/lib/python3.12/site-packages/sqlalchemy/engine/base.py", line 146, in __init__
    self._dbapi_connection = engine.raw_connection()
                             ^^^^^^^^^^^^^^^^^^^^^^^
  File "/Users/coontd/cda/cda-api/.venv/lib/python3.12/site-packages/sqlalchemy/engine/base.py", line 3302, in raw_connection
    return self.pool.connect()
           ^^^^^^^^^^^^^^^^^^^
  File "/Users/coontd/cda/cda-api/.venv/lib/python3.12/site-packages/sqlalchemy/pool/base.py", line 449, in connect
    return _ConnectionFairy._checkout(self)
           ^^^^^^^^^^^^^^^^^^^^^^^^^^^^^^^^
  File "/Users/coontd/cda/cda-api/.venv/lib/python3.12/site-packages/sqlalchemy/pool/base.py", line 1263, in _checkout
    fairy = _ConnectionRecord.checkout(pool)
            ^^^^^^^^^^^^^^^^^^^^^^^^^^^^^^^^
  File "/Users/coontd/cda/cda-api/.venv/lib/python3.12/site-packages/sqlalchemy/pool/base.py", line 712, in checkout
    rec = pool._do_get()
          ^^^^^^^^^^^^^^
  File "/Users/coontd/cda/cda-api/.venv/lib/python3.12/site-packages/sqlalchemy/pool/impl.py", line 179, in _do_get
    with util.safe_reraise():
         ^^^^^^^^^^^^^^^^^^^
  File "/Users/coontd/cda/cda-api/.venv/lib/python3.12/site-packages/sqlalchemy/util/langhelpers.py", line 146, in __exit__
    raise exc_value.with_traceback(exc_tb)
  File "/Users/coontd/cda/cda-api/.venv/lib/python3.12/site-packages/sqlalchemy/pool/impl.py", line 177, in _do_get
    return self._create_connection()
           ^^^^^^^^^^^^^^^^^^^^^^^^^
  File "/Users/coontd/cda/cda-api/.venv/lib/python3.12/site-packages/sqlalchemy/pool/base.py", line 390, in _create_connection
    return _ConnectionRecord(self)
           ^^^^^^^^^^^^^^^^^^^^^^^
  File "/Users/coontd/cda/cda-api/.venv/lib/python3.12/site-packages/sqlalchemy/pool/base.py", line 674, in __init__
    self.__connect()
  File "/Users/coontd/cda/cda-api/.venv/lib/python3.12/site-packages/sqlalchemy/pool/base.py", line 900, in __connect
    with util.safe_reraise():
         ^^^^^^^^^^^^^^^^^^^
  File "/Users/coontd/cda/cda-api/.venv/lib/python3.12/site-packages/sqlalchemy/util/langhelpers.py", line 146, in __exit__
    raise exc_value.with_traceback(exc_tb)
  File "/Users/coontd/cda/cda-api/.venv/lib/python3.12/site-packages/sqlalchemy/pool/base.py", line 896, in __connect
    self.dbapi_connection = connection = pool._invoke_creator(self)
                                         ^^^^^^^^^^^^^^^^^^^^^^^^^^
  File "/Users/coontd/cda/cda-api/.venv/lib/python3.12/site-packages/sqlalchemy/engine/create.py", line 643, in connect
    return dialect.connect(*cargs, **cparams)
           ^^^^^^^^^^^^^^^^^^^^^^^^^^^^^^^^^^
  File "/Users/coontd/cda/cda-api/.venv/lib/python3.12/site-packages/sqlalchemy/engine/default.py", line 621, in connect
    return self.loaded_dbapi.connect(*cargs, **cparams)
           ^^^^^^^^^^^^^^^^^^^^^^^^^^^^^^^^^^^^^^^^^^^^
  File "/Users/coontd/cda/cda-api/.venv/lib/python3.12/site-packages/psycopg2/__init__.py", line 122, in connect
    conn = _connect(dsn, connection_factory=connection_factory, **kwasync)
           ^^^^^^^^^^^^^^^^^^^^^^^^^^^^^^^^^^^^^^^^^^^^^^^^^^^^^^^^^^^^^^^
sqlalchemy.exc.OperationalError: (psycopg2.OperationalError) connection to server at "127.0.0.1", port 5432 failed: Connection refused
	Is the server running on that host and accepting TCP/IP connections?

(Background on this error at: https://sqlalche.me/e/20/e3q8)
2025-01-07 09:54:12,454 - 0e831e7b-1076-4b7f-94e0-27011b085e5f - INFO: data/subject endpoint hit: Address(host='127.0.0.1', port=58883)
2025-01-07 09:54:12,455 - 0e831e7b-1076-4b7f-94e0-27011b085e5f - INFO: QNode: {"MATCH_ALL": ["subject_id_alias < 10"], "MATCH_SOME": None, "ADD_COLUMNS": None, "EXCLUDE_COLUMNS": None}
2025-01-07 09:54:12,455 - 0e831e7b-1076-4b7f-94e0-27011b085e5f - INFO: http://127.0.0.1:8000/data/subject?limit=100&offset=0
2025-01-07 09:54:12,455 - 0e831e7b-1076-4b7f-94e0-27011b085e5f - INFO: Building fetch_rows query
2025-01-07 09:54:12,455 - 0e831e7b-1076-4b7f-94e0-27011b085e5f - INFO: Building MATCH conditions
2025-01-07 09:54:12,455 - 0e831e7b-1076-4b7f-94e0-27011b085e5f - INFO: Building SELECT clause
2025-01-07 09:54:12,470 - 0e831e7b-1076-4b7f-94e0-27011b085e5f - ERROR: (psycopg2.OperationalError) connection to server at "127.0.0.1", port 5432 failed: Connection refused
	Is the server running on that host and accepting TCP/IP connections?

(Background on this error at: https://sqlalche.me/e/20/e3q8)
Traceback (most recent call last):
  File "/Users/coontd/cda/cda-api/.venv/lib/python3.12/site-packages/sqlalchemy/engine/base.py", line 146, in __init__
    self._dbapi_connection = engine.raw_connection()
                             ^^^^^^^^^^^^^^^^^^^^^^^
  File "/Users/coontd/cda/cda-api/.venv/lib/python3.12/site-packages/sqlalchemy/engine/base.py", line 3302, in raw_connection
    return self.pool.connect()
           ^^^^^^^^^^^^^^^^^^^
  File "/Users/coontd/cda/cda-api/.venv/lib/python3.12/site-packages/sqlalchemy/pool/base.py", line 449, in connect
    return _ConnectionFairy._checkout(self)
           ^^^^^^^^^^^^^^^^^^^^^^^^^^^^^^^^
  File "/Users/coontd/cda/cda-api/.venv/lib/python3.12/site-packages/sqlalchemy/pool/base.py", line 1263, in _checkout
    fairy = _ConnectionRecord.checkout(pool)
            ^^^^^^^^^^^^^^^^^^^^^^^^^^^^^^^^
  File "/Users/coontd/cda/cda-api/.venv/lib/python3.12/site-packages/sqlalchemy/pool/base.py", line 712, in checkout
    rec = pool._do_get()
          ^^^^^^^^^^^^^^
  File "/Users/coontd/cda/cda-api/.venv/lib/python3.12/site-packages/sqlalchemy/pool/impl.py", line 179, in _do_get
    with util.safe_reraise():
         ^^^^^^^^^^^^^^^^^^^
  File "/Users/coontd/cda/cda-api/.venv/lib/python3.12/site-packages/sqlalchemy/util/langhelpers.py", line 146, in __exit__
    raise exc_value.with_traceback(exc_tb)
  File "/Users/coontd/cda/cda-api/.venv/lib/python3.12/site-packages/sqlalchemy/pool/impl.py", line 177, in _do_get
    return self._create_connection()
           ^^^^^^^^^^^^^^^^^^^^^^^^^
  File "/Users/coontd/cda/cda-api/.venv/lib/python3.12/site-packages/sqlalchemy/pool/base.py", line 390, in _create_connection
    return _ConnectionRecord(self)
           ^^^^^^^^^^^^^^^^^^^^^^^
  File "/Users/coontd/cda/cda-api/.venv/lib/python3.12/site-packages/sqlalchemy/pool/base.py", line 674, in __init__
    self.__connect()
  File "/Users/coontd/cda/cda-api/.venv/lib/python3.12/site-packages/sqlalchemy/pool/base.py", line 900, in __connect
    with util.safe_reraise():
         ^^^^^^^^^^^^^^^^^^^
  File "/Users/coontd/cda/cda-api/.venv/lib/python3.12/site-packages/sqlalchemy/util/langhelpers.py", line 146, in __exit__
    raise exc_value.with_traceback(exc_tb)
  File "/Users/coontd/cda/cda-api/.venv/lib/python3.12/site-packages/sqlalchemy/pool/base.py", line 896, in __connect
    self.dbapi_connection = connection = pool._invoke_creator(self)
                                         ^^^^^^^^^^^^^^^^^^^^^^^^^^
  File "/Users/coontd/cda/cda-api/.venv/lib/python3.12/site-packages/sqlalchemy/engine/create.py", line 643, in connect
    return dialect.connect(*cargs, **cparams)
           ^^^^^^^^^^^^^^^^^^^^^^^^^^^^^^^^^^
  File "/Users/coontd/cda/cda-api/.venv/lib/python3.12/site-packages/sqlalchemy/engine/default.py", line 621, in connect
    return self.loaded_dbapi.connect(*cargs, **cparams)
           ^^^^^^^^^^^^^^^^^^^^^^^^^^^^^^^^^^^^^^^^^^^^
  File "/Users/coontd/cda/cda-api/.venv/lib/python3.12/site-packages/psycopg2/__init__.py", line 122, in connect
    conn = _connect(dsn, connection_factory=connection_factory, **kwasync)
           ^^^^^^^^^^^^^^^^^^^^^^^^^^^^^^^^^^^^^^^^^^^^^^^^^^^^^^^^^^^^^^^
psycopg2.OperationalError: connection to server at "127.0.0.1", port 5432 failed: Connection refused
	Is the server running on that host and accepting TCP/IP connections?


The above exception was the direct cause of the following exception:

Traceback (most recent call last):
  File "/Users/coontd/cda/cda-api/cda_api/routers/data.py", line 57, in subject_fetch_rows_endpoint
    result = fetch_rows(db, endpoint_tablename='subject', qnode=qnode, limit=limit, offset=offset, log=log)
             ^^^^^^^^^^^^^^^^^^^^^^^^^^^^^^^^^^^^^^^^^^^^^^^^^^^^^^^^^^^^^^^^^^^^^^^^^^^^^^^^^^^^^^^^^^^^^^
  File "/Users/coontd/cda/cda-api/cda_api/db/query_builders.py", line 67, in fetch_rows
    result = query.offset(offset).limit(limit).all()
             ^^^^^^^^^^^^^^^^^^^^^^^^^^^^^^^^^^^^^^^
  File "/Users/coontd/cda/cda-api/.venv/lib/python3.12/site-packages/sqlalchemy/orm/query.py", line 2673, in all
    return self._iter().all()  # type: ignore
           ^^^^^^^^^^^^
  File "/Users/coontd/cda/cda-api/.venv/lib/python3.12/site-packages/sqlalchemy/orm/query.py", line 2827, in _iter
    result: Union[ScalarResult[_T], Result[_T]] = self.session.execute(
                                                  ^^^^^^^^^^^^^^^^^^^^^
  File "/Users/coontd/cda/cda-api/.venv/lib/python3.12/site-packages/sqlalchemy/orm/session.py", line 2362, in execute
    return self._execute_internal(
           ^^^^^^^^^^^^^^^^^^^^^^^
  File "/Users/coontd/cda/cda-api/.venv/lib/python3.12/site-packages/sqlalchemy/orm/session.py", line 2237, in _execute_internal
    conn = self._connection_for_bind(bind)
           ^^^^^^^^^^^^^^^^^^^^^^^^^^^^^^^
  File "/Users/coontd/cda/cda-api/.venv/lib/python3.12/site-packages/sqlalchemy/orm/session.py", line 2106, in _connection_for_bind
    return trans._connection_for_bind(engine, execution_options)
           ^^^^^^^^^^^^^^^^^^^^^^^^^^^^^^^^^^^^^^^^^^^^^^^^^^^^^
  File "<string>", line 2, in _connection_for_bind
  File "/Users/coontd/cda/cda-api/.venv/lib/python3.12/site-packages/sqlalchemy/orm/state_changes.py", line 139, in _go
    ret_value = fn(self, *arg, **kw)
                ^^^^^^^^^^^^^^^^^^^^
  File "/Users/coontd/cda/cda-api/.venv/lib/python3.12/site-packages/sqlalchemy/orm/session.py", line 1189, in _connection_for_bind
    conn = bind.connect()
           ^^^^^^^^^^^^^^
  File "/Users/coontd/cda/cda-api/.venv/lib/python3.12/site-packages/sqlalchemy/engine/base.py", line 3278, in connect
    return self._connection_cls(self)
           ^^^^^^^^^^^^^^^^^^^^^^^^^^
  File "/Users/coontd/cda/cda-api/.venv/lib/python3.12/site-packages/sqlalchemy/engine/base.py", line 148, in __init__
    Connection._handle_dbapi_exception_noconnection(
  File "/Users/coontd/cda/cda-api/.venv/lib/python3.12/site-packages/sqlalchemy/engine/base.py", line 2442, in _handle_dbapi_exception_noconnection
    raise sqlalchemy_exception.with_traceback(exc_info[2]) from e
  File "/Users/coontd/cda/cda-api/.venv/lib/python3.12/site-packages/sqlalchemy/engine/base.py", line 146, in __init__
    self._dbapi_connection = engine.raw_connection()
                             ^^^^^^^^^^^^^^^^^^^^^^^
  File "/Users/coontd/cda/cda-api/.venv/lib/python3.12/site-packages/sqlalchemy/engine/base.py", line 3302, in raw_connection
    return self.pool.connect()
           ^^^^^^^^^^^^^^^^^^^
  File "/Users/coontd/cda/cda-api/.venv/lib/python3.12/site-packages/sqlalchemy/pool/base.py", line 449, in connect
    return _ConnectionFairy._checkout(self)
           ^^^^^^^^^^^^^^^^^^^^^^^^^^^^^^^^
  File "/Users/coontd/cda/cda-api/.venv/lib/python3.12/site-packages/sqlalchemy/pool/base.py", line 1263, in _checkout
    fairy = _ConnectionRecord.checkout(pool)
            ^^^^^^^^^^^^^^^^^^^^^^^^^^^^^^^^
  File "/Users/coontd/cda/cda-api/.venv/lib/python3.12/site-packages/sqlalchemy/pool/base.py", line 712, in checkout
    rec = pool._do_get()
          ^^^^^^^^^^^^^^
  File "/Users/coontd/cda/cda-api/.venv/lib/python3.12/site-packages/sqlalchemy/pool/impl.py", line 179, in _do_get
    with util.safe_reraise():
         ^^^^^^^^^^^^^^^^^^^
  File "/Users/coontd/cda/cda-api/.venv/lib/python3.12/site-packages/sqlalchemy/util/langhelpers.py", line 146, in __exit__
    raise exc_value.with_traceback(exc_tb)
  File "/Users/coontd/cda/cda-api/.venv/lib/python3.12/site-packages/sqlalchemy/pool/impl.py", line 177, in _do_get
    return self._create_connection()
           ^^^^^^^^^^^^^^^^^^^^^^^^^
  File "/Users/coontd/cda/cda-api/.venv/lib/python3.12/site-packages/sqlalchemy/pool/base.py", line 390, in _create_connection
    return _ConnectionRecord(self)
           ^^^^^^^^^^^^^^^^^^^^^^^
  File "/Users/coontd/cda/cda-api/.venv/lib/python3.12/site-packages/sqlalchemy/pool/base.py", line 674, in __init__
    self.__connect()
  File "/Users/coontd/cda/cda-api/.venv/lib/python3.12/site-packages/sqlalchemy/pool/base.py", line 900, in __connect
    with util.safe_reraise():
         ^^^^^^^^^^^^^^^^^^^
  File "/Users/coontd/cda/cda-api/.venv/lib/python3.12/site-packages/sqlalchemy/util/langhelpers.py", line 146, in __exit__
    raise exc_value.with_traceback(exc_tb)
  File "/Users/coontd/cda/cda-api/.venv/lib/python3.12/site-packages/sqlalchemy/pool/base.py", line 896, in __connect
    self.dbapi_connection = connection = pool._invoke_creator(self)
                                         ^^^^^^^^^^^^^^^^^^^^^^^^^^
  File "/Users/coontd/cda/cda-api/.venv/lib/python3.12/site-packages/sqlalchemy/engine/create.py", line 643, in connect
    return dialect.connect(*cargs, **cparams)
           ^^^^^^^^^^^^^^^^^^^^^^^^^^^^^^^^^^
  File "/Users/coontd/cda/cda-api/.venv/lib/python3.12/site-packages/sqlalchemy/engine/default.py", line 621, in connect
    return self.loaded_dbapi.connect(*cargs, **cparams)
           ^^^^^^^^^^^^^^^^^^^^^^^^^^^^^^^^^^^^^^^^^^^^
  File "/Users/coontd/cda/cda-api/.venv/lib/python3.12/site-packages/psycopg2/__init__.py", line 122, in connect
    conn = _connect(dsn, connection_factory=connection_factory, **kwasync)
           ^^^^^^^^^^^^^^^^^^^^^^^^^^^^^^^^^^^^^^^^^^^^^^^^^^^^^^^^^^^^^^^
sqlalchemy.exc.OperationalError: (psycopg2.OperationalError) connection to server at "127.0.0.1", port 5432 failed: Connection refused
	Is the server running on that host and accepting TCP/IP connections?

(Background on this error at: https://sqlalche.me/e/20/e3q8)
2025-01-07 09:54:18,046 - 93ab39df-cdfd-4dbe-8c27-c15af4ae44fa - INFO: data/subject endpoint hit: Address(host='127.0.0.1', port=58901)
2025-01-07 09:54:18,046 - 93ab39df-cdfd-4dbe-8c27-c15af4ae44fa - INFO: QNode: {"MATCH_ALL": ["subject_id_alias < 10"], "MATCH_SOME": None, "ADD_COLUMNS": None, "EXCLUDE_COLUMNS": None}
2025-01-07 09:54:18,046 - 93ab39df-cdfd-4dbe-8c27-c15af4ae44fa - INFO: http://127.0.0.1:8000/data/subject?limit=100&offset=0
2025-01-07 09:54:18,046 - 93ab39df-cdfd-4dbe-8c27-c15af4ae44fa - INFO: Building fetch_rows query
2025-01-07 09:54:18,046 - 93ab39df-cdfd-4dbe-8c27-c15af4ae44fa - INFO: Building MATCH conditions
2025-01-07 09:54:18,047 - 93ab39df-cdfd-4dbe-8c27-c15af4ae44fa - INFO: Building SELECT clause
2025-01-07 09:54:18,589 - 93ab39df-cdfd-4dbe-8c27-c15af4ae44fa - INFO: Query execution time: 0.5283088684082031s
2025-01-07 09:54:18,589 - 93ab39df-cdfd-4dbe-8c27-c15af4ae44fa - INFO: Returning 10 rows out of 10 results | limit=100 & offset=0
2025-01-07 09:54:18,591 - 93ab39df-cdfd-4dbe-8c27-c15af4ae44fa - INFO: Success
2025-01-07 09:54:24,188 - 0e5f28ed-08c3-495f-92df-df8c67dc1a11 - INFO: data/subject endpoint hit: Address(host='127.0.0.1', port=58904)
2025-01-07 09:54:24,188 - 0e5f28ed-08c3-495f-92df-df8c67dc1a11 - INFO: QNode: {"MATCH_ALL": ["osajdfoijsafd < 10"], "MATCH_SOME": None, "ADD_COLUMNS": None, "EXCLUDE_COLUMNS": None}
2025-01-07 09:54:24,188 - 0e5f28ed-08c3-495f-92df-df8c67dc1a11 - INFO: http://127.0.0.1:8000/data/subject?limit=100&offset=0
2025-01-07 09:54:24,189 - 0e5f28ed-08c3-495f-92df-df8c67dc1a11 - INFO: Building fetch_rows query
2025-01-07 09:54:24,189 - 0e5f28ed-08c3-495f-92df-df8c67dc1a11 - INFO: Building MATCH conditions
2025-01-07 09:54:24,189 - 0e5f28ed-08c3-495f-92df-df8c67dc1a11 - ERROR: Column Not Found: osajdfoijsafd
'osajdfoijsafd'
Traceback (most recent call last):
  File "/Users/coontd/cda/cda-api/cda_api/classes/DatabaseMap.py", line 93, in get_column_info
    return self.column_map[columnname]
           ~~~~~~~~~~~~~~~^^^^^^^^^^^^
KeyError: 'osajdfoijsafd'

During handling of the above exception, another exception occurred:

Traceback (most recent call last):
  File "/Users/coontd/cda/cda-api/cda_api/routers/data.py", line 57, in subject_fetch_rows_endpoint
    result = fetch_rows(db, endpoint_tablename='subject', qnode=qnode, limit=limit, offset=offset, log=log)
             ^^^^^^^^^^^^^^^^^^^^^^^^^^^^^^^^^^^^^^^^^^^^^^^^^^^^^^^^^^^^^^^^^^^^^^^^^^^^^^^^^^^^^^^^^^^^^^
  File "/Users/coontd/cda/cda-api/cda_api/db/query_builders.py", line 34, in fetch_rows
    match_all_conditions, match_some_conditions = build_match_conditons(endpoint_tablename, qnode, log)
                                                  ^^^^^^^^^^^^^^^^^^^^^^^^^^^^^^^^^^^^^^^^^^^^^^^^^^^^^
  File "/Users/coontd/cda/cda-api/cda_api/db/filter_builder.py", line 103, in build_match_conditons
    match_all_conditions = [get_preselect_filter(endpoint_tablename, filter_string, log)
                            ^^^^^^^^^^^^^^^^^^^^^^^^^^^^^^^^^^^^^^^^^^^^^^^^^^^^^^^^^^^^
  File "/Users/coontd/cda/cda-api/cda_api/db/filter_builder.py", line 83, in get_preselect_filter
    filter_column_info = DB_MAP.get_column_info(filter_columnname)
                         ^^^^^^^^^^^^^^^^^^^^^^^^^^^^^^^^^^^^^^^^^
  File "/Users/coontd/cda/cda-api/cda_api/classes/DatabaseMap.py", line 101, in get_column_info
    raise ColumnNotFound(error_message)
cda_api.classes.exceptions.ColumnNotFound: Column Not Found: osajdfoijsafd
'osajdfoijsafd'
2025-01-07 11:49:36,216 - Setup: connection.py - INFO: Creating database connection url from environment variables found in config/.env
2025-01-07 11:49:36,217 - Setup: connection.py - INFO: Creating database engine and session objects
2025-01-07 11:49:36,253 - Setup: schema.py - INFO: Building SQLAlchemy automap
2025-01-07 11:49:37,873 - Setup: schema.py - INFO: Successfully built SQLAlchemy automap
2025-01-07 11:49:37,873 - Setup: schema.py - INFO: Adding relationships to file table
2025-01-07 11:49:37,873 - Setup: schema.py - INFO: Adding relationships to project table
2025-01-07 11:49:37,874 - Setup: schema.py - INFO: Successfully added relationships to file and project tables
2025-01-07 11:49:37,880 - Setup: DatabaseMap.py - INFO: Building column_metadata map
2025-01-07 11:49:37,985 - Setup: DatabaseMap.py - INFO: Building DatabaseMap Object
2025-01-07 11:49:37,985 - Setup: DatabaseMap.py - INFO: Building metadata variables from automapped Base
2025-01-07 11:49:37,985 - Setup: DatabaseMap.py - INFO: Building entity class variables from automapped Base
2025-01-07 11:49:37,985 - Setup: DatabaseMap.py - INFO: Building column map
2025-01-07 11:49:37,986 - Setup: DatabaseMap.py - INFO: Building relationship map
2025-01-07 11:49:38,626 - Setup: connection.py - INFO: Creating database connection url from environment variables found in config/.env
2025-01-07 11:49:38,626 - Setup: connection.py - INFO: Creating database engine and session objects
2025-01-07 11:49:38,657 - Setup: schema.py - INFO: Building SQLAlchemy automap
2025-01-07 11:49:40,348 - Setup: schema.py - INFO: Successfully built SQLAlchemy automap
2025-01-07 11:49:40,349 - Setup: schema.py - INFO: Adding relationships to file table
2025-01-07 11:49:40,349 - Setup: schema.py - INFO: Adding relationships to project table
2025-01-07 11:49:40,350 - Setup: schema.py - INFO: Successfully added relationships to file and project tables
2025-01-07 11:49:40,361 - Setup: DatabaseMap.py - INFO: Building column_metadata map
2025-01-07 11:49:40,468 - Setup: DatabaseMap.py - INFO: Building DatabaseMap Object
2025-01-07 11:49:40,468 - Setup: DatabaseMap.py - INFO: Building metadata variables from automapped Base
2025-01-07 11:49:40,468 - Setup: DatabaseMap.py - INFO: Building entity class variables from automapped Base
2025-01-07 11:49:40,468 - Setup: DatabaseMap.py - INFO: Building column map
2025-01-07 11:49:40,469 - Setup: DatabaseMap.py - INFO: Building relationship map
2025-01-07 11:49:53,409 - Setup: connection.py - INFO: Creating database connection url from environment variables found in config/.env
2025-01-07 11:49:53,409 - Setup: connection.py - INFO: Creating database engine and session objects
2025-01-07 11:49:53,440 - Setup: schema.py - INFO: Building SQLAlchemy automap
2025-01-07 11:49:55,014 - Setup: schema.py - INFO: Successfully built SQLAlchemy automap
2025-01-07 11:49:55,014 - Setup: schema.py - INFO: Adding relationships to file table
2025-01-07 11:49:55,014 - Setup: schema.py - INFO: Adding relationships to project table
2025-01-07 11:49:55,014 - Setup: schema.py - INFO: Successfully added relationships to file and project tables
2025-01-07 11:49:55,021 - Setup: DatabaseMap.py - INFO: Building column_metadata map
2025-01-07 11:49:55,126 - Setup: DatabaseMap.py - INFO: Building DatabaseMap Object
2025-01-07 11:49:55,127 - Setup: DatabaseMap.py - INFO: Building metadata variables from automapped Base
2025-01-07 11:49:55,127 - Setup: DatabaseMap.py - INFO: Building entity class variables from automapped Base
2025-01-07 11:49:55,127 - Setup: DatabaseMap.py - INFO: Building column map
2025-01-07 11:49:55,127 - Setup: DatabaseMap.py - INFO: Building relationship map
2025-01-07 12:02:12,408 - Setup: connection.py - INFO: Reading environment variables from .env
2025-01-07 12:02:12,408 - Setup: connection.py - INFO: Creating database connection url from environment variables found in config/.env
2025-01-07 12:02:12,409 - Setup: connection.py - INFO: Creating database engine and session objects
2025-01-07 12:02:12,449 - Setup: schema.py - INFO: Building SQLAlchemy automap
2025-01-07 12:02:14,009 - Setup: schema.py - INFO: Successfully built SQLAlchemy automap
2025-01-07 12:02:14,009 - Setup: schema.py - INFO: Adding relationships to file table
2025-01-07 12:02:14,009 - Setup: schema.py - INFO: Adding relationships to project table
2025-01-07 12:02:14,009 - Setup: schema.py - INFO: Adding relationships to dicom_series table
2025-01-07 12:02:14,009 - Setup: schema.py - INFO: Successfully added relationships to file project, and dicom_series tables
2025-01-07 12:02:14,009 - Setup: schema.py - INFO: Successfully added relationships for dicom_series to its secondary tables
2025-01-07 12:02:14,016 - Setup: DatabaseMap.py - INFO: Building column_metadata map
2025-01-07 12:02:14,122 - Setup: DatabaseMap.py - INFO: Building DatabaseMap Object
2025-01-07 12:02:14,122 - Setup: DatabaseMap.py - INFO: Building metadata variables from automapped Base
2025-01-07 12:02:14,122 - Setup: DatabaseMap.py - INFO: Building entity class variables from automapped Base
2025-01-07 12:02:14,122 - Setup: DatabaseMap.py - INFO: Building column map
2025-01-07 12:02:14,122 - Setup: DatabaseMap.py - INFO: Building relationship map
2025-01-07 12:02:14,744 - Setup: connection.py - INFO: Creating database connection url from environment variables found in config/.env
2025-01-07 12:02:14,744 - Setup: connection.py - INFO: Creating database engine and session objects
2025-01-07 12:02:14,779 - Setup: schema.py - INFO: Building SQLAlchemy automap
2025-01-07 12:02:16,346 - Setup: schema.py - INFO: Successfully built SQLAlchemy automap
2025-01-07 12:02:16,346 - Setup: schema.py - INFO: Adding relationships to file table
2025-01-07 12:02:16,346 - Setup: schema.py - INFO: Adding relationships to project table
2025-01-07 12:02:16,347 - Setup: schema.py - INFO: Adding relationships to dicom_series table
2025-01-07 12:02:16,347 - Setup: schema.py - INFO: Successfully added relationships to file project, and dicom_series tables
2025-01-07 12:02:16,347 - Setup: schema.py - INFO: Successfully added relationships for dicom_series to its secondary tables
2025-01-07 12:02:16,353 - Setup: DatabaseMap.py - INFO: Building column_metadata map
2025-01-07 12:02:16,458 - Setup: DatabaseMap.py - INFO: Building DatabaseMap Object
2025-01-07 12:02:16,458 - Setup: DatabaseMap.py - INFO: Building metadata variables from automapped Base
2025-01-07 12:02:16,458 - Setup: DatabaseMap.py - INFO: Building entity class variables from automapped Base
2025-01-07 12:02:16,458 - Setup: DatabaseMap.py - INFO: Building column map
2025-01-07 12:02:16,458 - Setup: DatabaseMap.py - INFO: Building relationship map
2025-01-07 12:02:18,958 - Query: ae9771db-9965-459c-b7ec-d267981f0f20 - INFO: data/subject endpoint hit: Address(host='127.0.0.1', port=64338)
2025-01-07 12:02:18,958 - Query: ae9771db-9965-459c-b7ec-d267981f0f20 - INFO: QNode: {"MATCH_ALL": ["osajdfoijsafd < 10"], "MATCH_SOME": None, "ADD_COLUMNS": None, "EXCLUDE_COLUMNS": None}
2025-01-07 12:02:18,958 - Query: ae9771db-9965-459c-b7ec-d267981f0f20 - INFO: http://127.0.0.1:8000/data/subject?limit=100&offset=0
2025-01-07 12:02:18,958 - Query: ae9771db-9965-459c-b7ec-d267981f0f20 - INFO: Building fetch_rows query
2025-01-07 12:02:18,958 - Query: ae9771db-9965-459c-b7ec-d267981f0f20 - INFO: Building MATCH conditions
2025-01-07 12:02:18,958 - Query: ae9771db-9965-459c-b7ec-d267981f0f20 - ERROR: Column Not Found: osajdfoijsafd
'osajdfoijsafd'
Traceback (most recent call last):
  File "/Users/coontd/cda/cda-api/cda_api/classes/DatabaseMap.py", line 165, in get_column_info
    return self.column_map[columnname]
           ~~~~~~~~~~~~~~~^^^^^^^^^^^^
KeyError: 'osajdfoijsafd'

During handling of the above exception, another exception occurred:

Traceback (most recent call last):
  File "/Users/coontd/cda/cda-api/cda_api/routers/data.py", line 57, in subject_fetch_rows_endpoint
    result = fetch_rows(db, endpoint_tablename='subject', qnode=qnode, limit=limit, offset=offset, log=log)
             ^^^^^^^^^^^^^^^^^^^^^^^^^^^^^^^^^^^^^^^^^^^^^^^^^^^^^^^^^^^^^^^^^^^^^^^^^^^^^^^^^^^^^^^^^^^^^^
  File "/Users/coontd/cda/cda-api/cda_api/db/query_builders.py", line 35, in fetch_rows
    match_all_conditions, match_some_conditions = build_match_conditons(endpoint_tablename, qnode, log)
                                                  ^^^^^^^^^^^^^^^^^^^^^^^^^^^^^^^^^^^^^^^^^^^^^^^^^^^^^
  File "/Users/coontd/cda/cda-api/cda_api/db/filter_builder.py", line 122, in build_match_conditons
    match_all_conditions = [get_preselect_filter(endpoint_tablename, filter_string, log)
                            ^^^^^^^^^^^^^^^^^^^^^^^^^^^^^^^^^^^^^^^^^^^^^^^^^^^^^^^^^^^^
  File "/Users/coontd/cda/cda-api/cda_api/db/filter_builder.py", line 84, in get_preselect_filter
    filter_column_info = DB_MAP.get_column_info(filter_columnname)
                         ^^^^^^^^^^^^^^^^^^^^^^^^^^^^^^^^^^^^^^^^^
  File "/Users/coontd/cda/cda-api/cda_api/classes/DatabaseMap.py", line 173, in get_column_info
    raise ColumnNotFound(error_message)
cda_api.classes.exceptions.ColumnNotFound: Column Not Found: osajdfoijsafd
'osajdfoijsafd'
2025-01-07 12:02:25,460 - Query: c9a82acc-36ff-47a2-811c-ea125106b8ce - INFO: data/subject endpoint hit: Address(host='127.0.0.1', port=64340)
2025-01-07 12:02:25,460 - Query: c9a82acc-36ff-47a2-811c-ea125106b8ce - INFO: QNode: {"MATCH_ALL": ["id_alias < 10"], "MATCH_SOME": None, "ADD_COLUMNS": None, "EXCLUDE_COLUMNS": None}
2025-01-07 12:02:25,460 - Query: c9a82acc-36ff-47a2-811c-ea125106b8ce - INFO: http://127.0.0.1:8000/data/subject?limit=100&offset=0
2025-01-07 12:02:25,460 - Query: c9a82acc-36ff-47a2-811c-ea125106b8ce - INFO: Building fetch_rows query
2025-01-07 12:02:25,460 - Query: c9a82acc-36ff-47a2-811c-ea125106b8ce - INFO: Building MATCH conditions
2025-01-07 12:02:25,460 - Query: c9a82acc-36ff-47a2-811c-ea125106b8ce - ERROR: Column Not Found: id_alias, did you mean: ['subject_id_alias', 'project_id_alias', 'file_id_alias', 'observation_id_alias', 'dicom_series_id_alias', 'mutation_id_alias', 'treatment_id_alias', 'upstream_identifiers_id_alias']
'id_alias'
Traceback (most recent call last):
  File "/Users/coontd/cda/cda-api/cda_api/classes/DatabaseMap.py", line 165, in get_column_info
    return self.column_map[columnname]
           ~~~~~~~~~~~~~~~^^^^^^^^^^^^
KeyError: 'id_alias'

During handling of the above exception, another exception occurred:

Traceback (most recent call last):
  File "/Users/coontd/cda/cda-api/cda_api/routers/data.py", line 57, in subject_fetch_rows_endpoint
    result = fetch_rows(db, endpoint_tablename='subject', qnode=qnode, limit=limit, offset=offset, log=log)
             ^^^^^^^^^^^^^^^^^^^^^^^^^^^^^^^^^^^^^^^^^^^^^^^^^^^^^^^^^^^^^^^^^^^^^^^^^^^^^^^^^^^^^^^^^^^^^^
  File "/Users/coontd/cda/cda-api/cda_api/db/query_builders.py", line 35, in fetch_rows
    match_all_conditions, match_some_conditions = build_match_conditons(endpoint_tablename, qnode, log)
                                                  ^^^^^^^^^^^^^^^^^^^^^^^^^^^^^^^^^^^^^^^^^^^^^^^^^^^^^
  File "/Users/coontd/cda/cda-api/cda_api/db/filter_builder.py", line 122, in build_match_conditons
    match_all_conditions = [get_preselect_filter(endpoint_tablename, filter_string, log)
                            ^^^^^^^^^^^^^^^^^^^^^^^^^^^^^^^^^^^^^^^^^^^^^^^^^^^^^^^^^^^^
  File "/Users/coontd/cda/cda-api/cda_api/db/filter_builder.py", line 84, in get_preselect_filter
    filter_column_info = DB_MAP.get_column_info(filter_columnname)
                         ^^^^^^^^^^^^^^^^^^^^^^^^^^^^^^^^^^^^^^^^^
  File "/Users/coontd/cda/cda-api/cda_api/classes/DatabaseMap.py", line 173, in get_column_info
    raise ColumnNotFound(error_message)
cda_api.classes.exceptions.ColumnNotFound: Column Not Found: id_alias, did you mean: ['subject_id_alias', 'project_id_alias', 'file_id_alias', 'observation_id_alias', 'dicom_series_id_alias', 'mutation_id_alias', 'treatment_id_alias', 'upstream_identifiers_id_alias']
'id_alias'
2025-01-07 12:02:32,135 - Query: cb323dc9-1e47-4d0c-8e62-acb10783ea30 - INFO: data/subject endpoint hit: Address(host='127.0.0.1', port=64342)
2025-01-07 12:02:32,135 - Query: cb323dc9-1e47-4d0c-8e62-acb10783ea30 - INFO: QNode: {"MATCH_ALL": ["subject_id_alias < 10"], "MATCH_SOME": None, "ADD_COLUMNS": None, "EXCLUDE_COLUMNS": None}
2025-01-07 12:02:32,135 - Query: cb323dc9-1e47-4d0c-8e62-acb10783ea30 - INFO: http://127.0.0.1:8000/data/subject?limit=100&offset=0
2025-01-07 12:02:32,135 - Query: cb323dc9-1e47-4d0c-8e62-acb10783ea30 - INFO: Building fetch_rows query
2025-01-07 12:02:32,135 - Query: cb323dc9-1e47-4d0c-8e62-acb10783ea30 - INFO: Building MATCH conditions
2025-01-07 12:02:32,135 - Query: cb323dc9-1e47-4d0c-8e62-acb10783ea30 - INFO: Building SELECT clause
2025-01-07 12:02:32,136 - Query: cb323dc9-1e47-4d0c-8e62-acb10783ea30 - INFO: Building MATCH conditions
2025-01-07 12:02:32,136 - Query: cb323dc9-1e47-4d0c-8e62-acb10783ea30 - INFO: Building SELECT clause
2025-01-07 12:02:32,707 - Query: cb323dc9-1e47-4d0c-8e62-acb10783ea30 - INFO: Query execution time: 0.5623626708984375s
2025-01-07 12:02:32,709 - Query: cb323dc9-1e47-4d0c-8e62-acb10783ea30 - INFO: Returning 20 rows out of 20 results | limit=100 & offset=0
2025-01-07 12:02:32,710 - Query: cb323dc9-1e47-4d0c-8e62-acb10783ea30 - INFO: Success
2025-01-07 12:02:43,113 - Query: 61e48d42-a180-4068-b57a-94e8108abdc8 - INFO: data/subject endpoint hit: Address(host='127.0.0.1', port=64361)
2025-01-07 12:02:43,113 - Query: 61e48d42-a180-4068-b57a-94e8108abdc8 - INFO: QNode: {"MATCH_ALL": ["subject_id_alias < 10"], "MATCH_SOME": None, "ADD_COLUMNS": None, "EXCLUDE_COLUMNS": None}
2025-01-07 12:02:43,114 - Query: 61e48d42-a180-4068-b57a-94e8108abdc8 - INFO: http://127.0.0.1:8000/data/subject?limit=100&offset=0
2025-01-07 12:02:43,114 - Query: 61e48d42-a180-4068-b57a-94e8108abdc8 - INFO: Building fetch_rows query
2025-01-07 12:02:43,114 - Query: 61e48d42-a180-4068-b57a-94e8108abdc8 - INFO: Building MATCH conditions
2025-01-07 12:02:43,114 - Query: 61e48d42-a180-4068-b57a-94e8108abdc8 - INFO: Building SELECT clause
2025-01-07 12:02:43,114 - Query: 61e48d42-a180-4068-b57a-94e8108abdc8 - INFO: Building MATCH conditions
2025-01-07 12:02:43,114 - Query: 61e48d42-a180-4068-b57a-94e8108abdc8 - INFO: Building SELECT clause
2025-01-07 12:02:43,121 - Query: 61e48d42-a180-4068-b57a-94e8108abdc8 - ERROR: (psycopg2.OperationalError) server closed the connection unexpectedly
	This probably means the server terminated abnormally
	before or while processing the request.

[SQL: WITH subject_preselect AS 
(SELECT subject.id_alias AS id_alias 
FROM subject 
WHERE subject.id_alias < %(id_alias_1)s), 
subject_dicom_preselect AS 
(SELECT subject.id_alias AS id_alias 
FROM subject 
WHERE subject.id_alias < %(id_alias_2)s)
 SELECT row_to_json(json_result) AS row_to_json_1 
FROM (SELECT subject.id AS subject_id, subject.crdc_id AS subject_crdc_id, subject.species AS species, subject.year_of_birth AS year_of_birth, subject.year_of_death AS year_of_death, subject.cause_of_death AS cause_of_death, subject.race AS race, subject.ethnicity AS ethnicity 
FROM subject 
WHERE subject.id_alias IN (SELECT subject_preselect.id_alias 
FROM subject_preselect) UNION ALL SELECT subject.id AS subject_id, subject.crdc_id AS subject_crdc_id, subject.species AS species, subject.year_of_birth AS year_of_birth, subject.year_of_death AS year_of_death, subject.cause_of_death AS cause_of_death, subject.race AS race, subject.ethnicity AS ethnicity 
FROM subject 
WHERE subject.id_alias IN (SELECT subject_dicom_preselect.id_alias 
FROM subject_dicom_preselect)) AS json_result 
 LIMIT %(param_1)s OFFSET %(param_2)s]
[parameters: {'id_alias_1': 10, 'id_alias_2': 10, 'param_1': 100, 'param_2': 0}]
(Background on this error at: https://sqlalche.me/e/20/e3q8)
Traceback (most recent call last):
  File "/Users/coontd/cda/cda-api/.venv/lib/python3.12/site-packages/sqlalchemy/engine/base.py", line 1967, in _exec_single_context
    self.dialect.do_execute(
  File "/Users/coontd/cda/cda-api/.venv/lib/python3.12/site-packages/sqlalchemy/engine/default.py", line 941, in do_execute
    cursor.execute(statement, parameters)
psycopg2.OperationalError: server closed the connection unexpectedly
	This probably means the server terminated abnormally
	before or while processing the request.


The above exception was the direct cause of the following exception:

Traceback (most recent call last):
  File "/Users/coontd/cda/cda-api/cda_api/routers/data.py", line 57, in subject_fetch_rows_endpoint
    result = fetch_rows(db, endpoint_tablename='subject', qnode=qnode, limit=limit, offset=offset, log=log)
             ^^^^^^^^^^^^^^^^^^^^^^^^^^^^^^^^^^^^^^^^^^^^^^^^^^^^^^^^^^^^^^^^^^^^^^^^^^^^^^^^^^^^^^^^^^^^^^
  File "/Users/coontd/cda/cda-api/cda_api/db/query_builders.py", line 72, in fetch_rows
    result = query.offset(offset).limit(limit).all()
             ^^^^^^^^^^^^^^^^^^^^^^^^^^^^^^^^^^^^^^^
  File "/Users/coontd/cda/cda-api/.venv/lib/python3.12/site-packages/sqlalchemy/orm/query.py", line 2673, in all
    return self._iter().all()  # type: ignore
           ^^^^^^^^^^^^
  File "/Users/coontd/cda/cda-api/.venv/lib/python3.12/site-packages/sqlalchemy/orm/query.py", line 2827, in _iter
    result: Union[ScalarResult[_T], Result[_T]] = self.session.execute(
                                                  ^^^^^^^^^^^^^^^^^^^^^
  File "/Users/coontd/cda/cda-api/.venv/lib/python3.12/site-packages/sqlalchemy/orm/session.py", line 2362, in execute
    return self._execute_internal(
           ^^^^^^^^^^^^^^^^^^^^^^^
  File "/Users/coontd/cda/cda-api/.venv/lib/python3.12/site-packages/sqlalchemy/orm/session.py", line 2247, in _execute_internal
    result: Result[Any] = compile_state_cls.orm_execute_statement(
                          ^^^^^^^^^^^^^^^^^^^^^^^^^^^^^^^^^^^^^^^^
  File "/Users/coontd/cda/cda-api/.venv/lib/python3.12/site-packages/sqlalchemy/orm/context.py", line 305, in orm_execute_statement
    result = conn.execute(
             ^^^^^^^^^^^^^
  File "/Users/coontd/cda/cda-api/.venv/lib/python3.12/site-packages/sqlalchemy/engine/base.py", line 1418, in execute
    return meth(
           ^^^^^
  File "/Users/coontd/cda/cda-api/.venv/lib/python3.12/site-packages/sqlalchemy/sql/elements.py", line 515, in _execute_on_connection
    return connection._execute_clauseelement(
           ^^^^^^^^^^^^^^^^^^^^^^^^^^^^^^^^^^
  File "/Users/coontd/cda/cda-api/.venv/lib/python3.12/site-packages/sqlalchemy/engine/base.py", line 1640, in _execute_clauseelement
    ret = self._execute_context(
          ^^^^^^^^^^^^^^^^^^^^^^
  File "/Users/coontd/cda/cda-api/.venv/lib/python3.12/site-packages/sqlalchemy/engine/base.py", line 1846, in _execute_context
    return self._exec_single_context(
           ^^^^^^^^^^^^^^^^^^^^^^^^^^
  File "/Users/coontd/cda/cda-api/.venv/lib/python3.12/site-packages/sqlalchemy/engine/base.py", line 1986, in _exec_single_context
    self._handle_dbapi_exception(
  File "/Users/coontd/cda/cda-api/.venv/lib/python3.12/site-packages/sqlalchemy/engine/base.py", line 2355, in _handle_dbapi_exception
    raise sqlalchemy_exception.with_traceback(exc_info[2]) from e
  File "/Users/coontd/cda/cda-api/.venv/lib/python3.12/site-packages/sqlalchemy/engine/base.py", line 1967, in _exec_single_context
    self.dialect.do_execute(
  File "/Users/coontd/cda/cda-api/.venv/lib/python3.12/site-packages/sqlalchemy/engine/default.py", line 941, in do_execute
    cursor.execute(statement, parameters)
sqlalchemy.exc.OperationalError: (psycopg2.OperationalError) server closed the connection unexpectedly
	This probably means the server terminated abnormally
	before or while processing the request.

[SQL: WITH subject_preselect AS 
(SELECT subject.id_alias AS id_alias 
FROM subject 
WHERE subject.id_alias < %(id_alias_1)s), 
subject_dicom_preselect AS 
(SELECT subject.id_alias AS id_alias 
FROM subject 
WHERE subject.id_alias < %(id_alias_2)s)
 SELECT row_to_json(json_result) AS row_to_json_1 
FROM (SELECT subject.id AS subject_id, subject.crdc_id AS subject_crdc_id, subject.species AS species, subject.year_of_birth AS year_of_birth, subject.year_of_death AS year_of_death, subject.cause_of_death AS cause_of_death, subject.race AS race, subject.ethnicity AS ethnicity 
FROM subject 
WHERE subject.id_alias IN (SELECT subject_preselect.id_alias 
FROM subject_preselect) UNION ALL SELECT subject.id AS subject_id, subject.crdc_id AS subject_crdc_id, subject.species AS species, subject.year_of_birth AS year_of_birth, subject.year_of_death AS year_of_death, subject.cause_of_death AS cause_of_death, subject.race AS race, subject.ethnicity AS ethnicity 
FROM subject 
WHERE subject.id_alias IN (SELECT subject_dicom_preselect.id_alias 
FROM subject_dicom_preselect)) AS json_result 
 LIMIT %(param_1)s OFFSET %(param_2)s]
[parameters: {'id_alias_1': 10, 'id_alias_2': 10, 'param_1': 100, 'param_2': 0}]
(Background on this error at: https://sqlalche.me/e/20/e3q8)
2025-01-07 12:02:48,793 - Query: 10537b85-ce84-49dd-b6e2-4952cda7c7ff - INFO: data/subject endpoint hit: Address(host='127.0.0.1', port=64377)
2025-01-07 12:02:48,793 - Query: 10537b85-ce84-49dd-b6e2-4952cda7c7ff - INFO: QNode: {"MATCH_ALL": ["subject_id_alias < 10"], "MATCH_SOME": None, "ADD_COLUMNS": None, "EXCLUDE_COLUMNS": None}
2025-01-07 12:02:48,793 - Query: 10537b85-ce84-49dd-b6e2-4952cda7c7ff - INFO: http://127.0.0.1:8000/data/subject?limit=100&offset=0
2025-01-07 12:02:48,793 - Query: 10537b85-ce84-49dd-b6e2-4952cda7c7ff - INFO: Building fetch_rows query
2025-01-07 12:02:48,794 - Query: 10537b85-ce84-49dd-b6e2-4952cda7c7ff - INFO: Building MATCH conditions
2025-01-07 12:02:48,794 - Query: 10537b85-ce84-49dd-b6e2-4952cda7c7ff - INFO: Building SELECT clause
2025-01-07 12:02:48,794 - Query: 10537b85-ce84-49dd-b6e2-4952cda7c7ff - INFO: Building MATCH conditions
2025-01-07 12:02:48,794 - Query: 10537b85-ce84-49dd-b6e2-4952cda7c7ff - INFO: Building SELECT clause
2025-01-07 12:02:49,369 - Query: 10537b85-ce84-49dd-b6e2-4952cda7c7ff - INFO: Query execution time: 0.5689139366149902s
2025-01-07 12:02:49,369 - Query: 10537b85-ce84-49dd-b6e2-4952cda7c7ff - INFO: Returning 20 rows out of 20 results | limit=100 & offset=0
2025-01-07 12:02:49,370 - Query: 10537b85-ce84-49dd-b6e2-4952cda7c7ff - INFO: Success
2025-01-07 14:42:05,513 - Setup: connection.py - INFO: Creating database connection url from environment variables found in config/.env
2025-01-07 14:42:05,514 - Setup: connection.py - INFO: Creating database engine and session objects
2025-01-07 14:42:05,557 - Setup: schema.py - INFO: Building SQLAlchemy automap
2025-01-07 14:42:07,144 - Setup: schema.py - INFO: Successfully built SQLAlchemy automap
2025-01-07 14:42:07,144 - Setup: schema.py - INFO: Adding relationships to file table
2025-01-07 14:42:07,145 - Setup: schema.py - INFO: Adding relationships to project table
2025-01-07 14:42:07,145 - Setup: schema.py - INFO: Adding relationships to dicom_series table
2025-01-07 14:42:07,146 - Setup: schema.py - INFO: Successfully added relationships to file project, and dicom_series tables
2025-01-07 14:42:07,146 - Setup: schema.py - INFO: Successfully added relationships for dicom_series to its secondary tables
2025-01-07 14:42:07,160 - Setup: DatabaseMap.py - INFO: Building column_metadata map
2025-01-07 14:42:07,263 - Setup: DatabaseMap.py - INFO: Building DatabaseMap Object
2025-01-07 14:42:07,264 - Setup: DatabaseMap.py - INFO: Building metadata variables from automapped Base
2025-01-07 14:42:07,264 - Setup: DatabaseMap.py - INFO: Building entity class variables from automapped Base
2025-01-07 14:42:07,264 - Setup: DatabaseMap.py - INFO: Building column map
2025-01-07 14:42:07,266 - Setup: DatabaseMap.py - INFO: Building relationship map
2025-01-07 14:42:15,809 - Setup: connection.py - INFO: Creating database connection url from environment variables found in config/.env
2025-01-07 14:42:15,809 - Setup: connection.py - INFO: Creating database engine and session objects
2025-01-07 14:42:15,850 - Setup: schema.py - INFO: Building SQLAlchemy automap
2025-01-07 14:42:17,426 - Setup: schema.py - INFO: Successfully built SQLAlchemy automap
2025-01-07 14:42:17,426 - Setup: schema.py - INFO: Adding relationships to file table
2025-01-07 14:42:17,426 - Setup: schema.py - INFO: Adding relationships to project table
2025-01-07 14:42:17,426 - Setup: schema.py - INFO: Adding relationships to dicom_series table
2025-01-07 14:42:17,427 - Setup: schema.py - INFO: Successfully added relationships to file project, and dicom_series tables
2025-01-07 14:42:17,427 - Setup: schema.py - INFO: Successfully added relationships for dicom_series to its secondary tables
2025-01-07 14:42:17,436 - Setup: DatabaseMap.py - INFO: Building column_metadata map
2025-01-07 14:42:17,537 - Setup: DatabaseMap.py - INFO: Building DatabaseMap Object
2025-01-07 14:42:17,537 - Setup: DatabaseMap.py - INFO: Building metadata variables from automapped Base
2025-01-07 14:42:17,538 - Setup: DatabaseMap.py - INFO: Building entity class variables from automapped Base
2025-01-07 14:42:17,538 - Setup: DatabaseMap.py - INFO: Building column map
2025-01-07 14:42:17,539 - Setup: DatabaseMap.py - INFO: Building relationship map
2025-01-07 16:46:35,528 - Setup: connection.py - INFO: Creating database connection url from environment variables found in config/.env
2025-01-07 16:46:35,528 - Setup: connection.py - INFO: Creating database engine and session objects
2025-01-07 16:46:35,565 - Setup: schema.py - INFO: Building SQLAlchemy automap
2025-01-07 16:46:37,207 - Setup: schema.py - INFO: Successfully built SQLAlchemy automap
2025-01-07 16:46:37,207 - Setup: schema.py - INFO: Adding relationships to file table
2025-01-07 16:46:37,208 - Setup: schema.py - INFO: Adding relationships to project table
2025-01-07 16:46:37,208 - Setup: schema.py - INFO: Adding relationships to dicom_series table
2025-01-07 16:46:37,209 - Setup: schema.py - INFO: Successfully added relationships to file project, and dicom_series tables
2025-01-07 16:46:37,209 - Setup: schema.py - INFO: Successfully added relationships for dicom_series to its secondary tables
2025-01-07 16:46:37,221 - Setup: DatabaseMap.py - INFO: Building column_metadata map
2025-01-07 16:46:37,327 - Setup: DatabaseMap.py - INFO: Building DatabaseMap Object
2025-01-07 16:46:37,327 - Setup: DatabaseMap.py - INFO: Building metadata variables from automapped Base
2025-01-07 16:46:37,327 - Setup: DatabaseMap.py - INFO: Building entity class variables from automapped Base
2025-01-07 16:46:37,328 - Setup: DatabaseMap.py - INFO: Building column map
2025-01-07 16:46:37,329 - Setup: DatabaseMap.py - INFO: Building relationship map
2025-01-07 16:46:51,829 - Setup: connection.py - INFO: Creating database connection url from environment variables found in config/.env
2025-01-07 16:46:51,829 - Setup: connection.py - INFO: Creating database engine and session objects
2025-01-07 16:46:51,865 - Setup: schema.py - INFO: Building SQLAlchemy automap
2025-01-07 16:46:53,478 - Setup: schema.py - INFO: Successfully built SQLAlchemy automap
2025-01-07 16:46:53,479 - Setup: schema.py - INFO: Adding relationships to file table
2025-01-07 16:46:53,479 - Setup: schema.py - INFO: Adding relationships to project table
2025-01-07 16:46:53,480 - Setup: schema.py - INFO: Adding relationships to dicom_series table
2025-01-07 16:46:53,480 - Setup: schema.py - INFO: Successfully added relationships to file project, and dicom_series tables
2025-01-07 16:46:53,480 - Setup: schema.py - INFO: Successfully added relationships for dicom_series to its secondary tables
2025-01-07 16:46:53,493 - Setup: DatabaseMap.py - INFO: Building column_metadata map
2025-01-07 16:46:53,599 - Setup: DatabaseMap.py - INFO: Building DatabaseMap Object
2025-01-07 16:46:53,600 - Setup: DatabaseMap.py - INFO: Building metadata variables from automapped Base
2025-01-07 16:46:53,600 - Setup: DatabaseMap.py - INFO: Building entity class variables from automapped Base
2025-01-07 16:46:53,600 - Setup: DatabaseMap.py - INFO: Building column map
2025-01-07 16:46:53,602 - Setup: DatabaseMap.py - INFO: Building relationship map
2025-01-07 16:51:46,279 - Query: f1cd8136-cca7-4a35-866f-194bf17b9381 - INFO: data/subject endpoint hit: Address(host='127.0.0.1', port=49971)
2025-01-07 16:51:46,279 - Query: f1cd8136-cca7-4a35-866f-194bf17b9381 - INFO: QNode: {"MATCH_ALL": ["sex = Male"], "MATCH_SOME": [], "ADD_COLUMNS": ["subject_crdc_id", "subject_id", "cause_of_death", "ethnicity", "race", "species", "subject_data_at_cds", "subject_data_at_gdc", "subject_data_at_icdc", "subject_data_at_idc", "subject_data_at_pdc", "subject_data_source_count", "year_of_birth", "year_of_death"], "EXCLUDE_COLUMNS": []}
2025-01-07 16:51:46,279 - Query: f1cd8136-cca7-4a35-866f-194bf17b9381 - INFO: http://127.0.0.1:8000/data/subject?limit=500000&offset=0
2025-01-07 16:51:46,279 - Query: f1cd8136-cca7-4a35-866f-194bf17b9381 - INFO: Building fetch_rows query
2025-01-07 16:51:46,279 - Query: f1cd8136-cca7-4a35-866f-194bf17b9381 - INFO: Building MATCH conditions
2025-01-07 16:51:46,280 - Query: f1cd8136-cca7-4a35-866f-194bf17b9381 - INFO: Building SELECT clause
2025-01-07 16:51:46,281 - Query: f1cd8136-cca7-4a35-866f-194bf17b9381 - ERROR: cannot unpack non-iterable NoneType object
Traceback (most recent call last):
  File "/Users/coontd/cda/cda-api/cda_api/routers/data.py", line 57, in subject_fetch_rows_endpoint
    result = fetch_rows(db, endpoint_tablename='subject', qnode=qnode, limit=limit, offset=offset, log=log)
             ^^^^^^^^^^^^^^^^^^^^^^^^^^^^^^^^^^^^^^^^^^^^^^^^^^^^^^^^^^^^^^^^^^^^^^^^^^^^^^^^^^^^^^^^^^^^^^
  File "/Users/coontd/cda/cda-api/cda_api/db/query_builders.py", line 56, in fetch_rows
    dicom_query, dicom_count_subquery = get_dicom_series_fetch_rows_query(db=db, select_columns=select_columns, qnode=qnode, endpoint_tablename=endpoint_tablename, log=log)
    ^^^^^^^^^^^^^^^^^^^^^^^^^^^^^^^^^
TypeError: cannot unpack non-iterable NoneType object
2025-01-07 16:55:06,674 - Query: 8fc3149a-07c8-4d11-8e53-5857f5da133e - INFO: data/subject endpoint hit: Address(host='127.0.0.1', port=50142)
2025-01-07 16:55:06,674 - Query: 8fc3149a-07c8-4d11-8e53-5857f5da133e - INFO: QNode: {"MATCH_ALL": ["sex = Male"], "MATCH_SOME": [], "ADD_COLUMNS": ["subject_crdc_id", "subject_id", "cause_of_death", "ethnicity", "race", "species", "subject_data_at_cds", "subject_data_at_gdc", "subject_data_at_icdc", "subject_data_at_idc", "subject_data_at_pdc", "subject_data_source_count", "year_of_birth", "year_of_death"], "EXCLUDE_COLUMNS": []}
2025-01-07 16:55:06,674 - Query: 8fc3149a-07c8-4d11-8e53-5857f5da133e - INFO: http://127.0.0.1:8000/data/subject?limit=500000&offset=0
2025-01-07 16:55:06,674 - Query: 8fc3149a-07c8-4d11-8e53-5857f5da133e - INFO: Building fetch_rows query
2025-01-07 16:55:06,674 - Query: 8fc3149a-07c8-4d11-8e53-5857f5da133e - INFO: Building MATCH conditions
2025-01-07 16:55:06,674 - Query: 8fc3149a-07c8-4d11-8e53-5857f5da133e - INFO: Building SELECT clause
2025-01-07 16:55:06,675 - Query: 8fc3149a-07c8-4d11-8e53-5857f5da133e - ERROR: cannot unpack non-iterable NoneType object
Traceback (most recent call last):
  File "/Users/coontd/cda/cda-api/cda_api/routers/data.py", line 57, in subject_fetch_rows_endpoint
    result = fetch_rows(db, endpoint_tablename='subject', qnode=qnode, limit=limit, offset=offset, log=log)
             ^^^^^^^^^^^^^^^^^^^^^^^^^^^^^^^^^^^^^^^^^^^^^^^^^^^^^^^^^^^^^^^^^^^^^^^^^^^^^^^^^^^^^^^^^^^^^^
  File "/Users/coontd/cda/cda-api/cda_api/db/query_builders.py", line 56, in fetch_rows
    dicom_query, dicom_count_subquery = get_dicom_series_fetch_rows_query(db=db, select_columns=select_columns, qnode=qnode, endpoint_tablename=endpoint_tablename, log=log)
    ^^^^^^^^^^^^^^^^^^^^^^^^^^^^^^^^^
TypeError: cannot unpack non-iterable NoneType object
2025-01-07 16:58:41,200 - Query: 175c01ee-47e1-486e-ae5d-87a5b9d01ae9 - INFO: data/subject endpoint hit: Address(host='127.0.0.1', port=50365)
2025-01-07 16:58:41,200 - Query: 175c01ee-47e1-486e-ae5d-87a5b9d01ae9 - INFO: QNode: {"MATCH_ALL": ["sex = Male"], "MATCH_SOME": [], "ADD_COLUMNS": ["subject_crdc_id", "subject_id", "cause_of_death", "ethnicity", "race", "species", "subject_data_at_cds", "subject_data_at_gdc", "subject_data_at_icdc", "subject_data_at_idc", "subject_data_at_pdc", "subject_data_source_count", "year_of_birth", "year_of_death"], "EXCLUDE_COLUMNS": []}
2025-01-07 16:58:41,200 - Query: 175c01ee-47e1-486e-ae5d-87a5b9d01ae9 - INFO: http://127.0.0.1:8000/data/subject?limit=500000&offset=0
2025-01-07 16:58:41,200 - Query: 175c01ee-47e1-486e-ae5d-87a5b9d01ae9 - INFO: Building fetch_rows query
2025-01-07 16:58:41,200 - Query: 175c01ee-47e1-486e-ae5d-87a5b9d01ae9 - INFO: Building MATCH conditions
2025-01-07 16:58:41,201 - Query: 175c01ee-47e1-486e-ae5d-87a5b9d01ae9 - INFO: Building SELECT clause
2025-01-07 16:58:41,202 - Query: 175c01ee-47e1-486e-ae5d-87a5b9d01ae9 - ERROR: cannot unpack non-iterable NoneType object
Traceback (most recent call last):
  File "/Users/coontd/cda/cda-api/cda_api/routers/data.py", line 57, in subject_fetch_rows_endpoint
    result = fetch_rows(db, endpoint_tablename='subject', qnode=qnode, limit=limit, offset=offset, log=log)
             ^^^^^^^^^^^^^^^^^^^^^^^^^^^^^^^^^^^^^^^^^^^^^^^^^^^^^^^^^^^^^^^^^^^^^^^^^^^^^^^^^^^^^^^^^^^^^^
  File "/Users/coontd/cda/cda-api/cda_api/db/query_builders.py", line 56, in fetch_rows
    dicom_query, dicom_count_subquery = get_dicom_series_fetch_rows_query(db=db, select_columns=select_columns, qnode=qnode, endpoint_tablename=endpoint_tablename, log=log)
    ^^^^^^^^^^^^^^^^^^^^^^^^^^^^^^^^^
TypeError: cannot unpack non-iterable NoneType object
2025-01-07 16:59:03,845 - Query: 283679ef-3932-41f3-ac19-9890b55d2804 - INFO: data/subject endpoint hit: Address(host='127.0.0.1', port=50391)
2025-01-07 16:59:03,845 - Query: 283679ef-3932-41f3-ac19-9890b55d2804 - INFO: QNode: {"MATCH_ALL": ["sex = Male"], "MATCH_SOME": [], "ADD_COLUMNS": ["subject_crdc_id", "subject_id", "cause_of_death", "ethnicity", "race", "species", "subject_data_at_cds", "subject_data_at_gdc", "subject_data_at_icdc", "subject_data_at_idc", "subject_data_at_pdc", "subject_data_source_count", "year_of_birth", "year_of_death"], "EXCLUDE_COLUMNS": []}
2025-01-07 16:59:03,845 - Query: 283679ef-3932-41f3-ac19-9890b55d2804 - INFO: http://127.0.0.1:8000/data/subject?limit=500000&offset=0
2025-01-07 16:59:03,845 - Query: 283679ef-3932-41f3-ac19-9890b55d2804 - INFO: Building fetch_rows query
2025-01-07 16:59:03,845 - Query: 283679ef-3932-41f3-ac19-9890b55d2804 - INFO: Building MATCH conditions
2025-01-07 16:59:03,846 - Query: 283679ef-3932-41f3-ac19-9890b55d2804 - INFO: Building SELECT clause
2025-01-07 16:59:03,847 - Query: 283679ef-3932-41f3-ac19-9890b55d2804 - ERROR: cannot unpack non-iterable NoneType object
Traceback (most recent call last):
  File "/Users/coontd/cda/cda-api/cda_api/routers/data.py", line 57, in subject_fetch_rows_endpoint
    result = fetch_rows(db, endpoint_tablename='subject', qnode=qnode, limit=limit, offset=offset, log=log)
             ^^^^^^^^^^^^^^^^^^^^^^^^^^^^^^^^^^^^^^^^^^^^^^^^^^^^^^^^^^^^^^^^^^^^^^^^^^^^^^^^^^^^^^^^^^^^^^
  File "/Users/coontd/cda/cda-api/cda_api/db/query_builders.py", line 56, in fetch_rows
    dicom_query, dicom_count_subquery = get_dicom_series_fetch_rows_query(db=db, select_columns=select_columns, qnode=qnode, endpoint_tablename=endpoint_tablename, log=log)
    ^^^^^^^^^^^^^^^^^^^^^^^^^^^^^^^^^
TypeError: cannot unpack non-iterable NoneType object
2025-01-07 17:00:59,582 - Query: 46b26d9f-b3d0-47c6-8f0f-4f2f959b126a - INFO: data/subject endpoint hit: Address(host='127.0.0.1', port=50506)
2025-01-07 17:00:59,583 - Query: 46b26d9f-b3d0-47c6-8f0f-4f2f959b126a - INFO: QNode: {"MATCH_ALL": ["sex = male"], "MATCH_SOME": None, "ADD_COLUMNS": None, "EXCLUDE_COLUMNS": None}
2025-01-07 17:00:59,583 - Query: 46b26d9f-b3d0-47c6-8f0f-4f2f959b126a - INFO: http://127.0.0.1:8000/data/subject?limit=100&offset=0
2025-01-07 17:00:59,583 - Query: 46b26d9f-b3d0-47c6-8f0f-4f2f959b126a - INFO: Building fetch_rows query
2025-01-07 17:00:59,583 - Query: 46b26d9f-b3d0-47c6-8f0f-4f2f959b126a - INFO: Building MATCH conditions
2025-01-07 17:00:59,585 - Query: 46b26d9f-b3d0-47c6-8f0f-4f2f959b126a - INFO: Building SELECT clause
2025-01-07 17:00:59,586 - Query: 46b26d9f-b3d0-47c6-8f0f-4f2f959b126a - INFO: Building MATCH conditions
2025-01-07 17:00:59,587 - Query: 46b26d9f-b3d0-47c6-8f0f-4f2f959b126a - INFO: Building SELECT clause
2025-01-07 17:01:01,468 - Query: 46b26d9f-b3d0-47c6-8f0f-4f2f959b126a - INFO: Query execution time: 1.855078935623169s
2025-01-07 17:01:01,469 - Query: 46b26d9f-b3d0-47c6-8f0f-4f2f959b126a - INFO: Returning 100 rows out of 148070 results | limit=100 & offset=0
2025-01-07 17:01:01,475 - Query: 46b26d9f-b3d0-47c6-8f0f-4f2f959b126a - INFO: Success
2025-01-07 17:01:22,504 - Query: 9126fee9-a833-4cf8-9614-dbbcf5cf634d - INFO: data/subject endpoint hit: Address(host='127.0.0.1', port=50521)
2025-01-07 17:01:22,504 - Query: 9126fee9-a833-4cf8-9614-dbbcf5cf634d - INFO: QNode: {"MATCH_ALL": ["sex = Male"], "MATCH_SOME": [], "ADD_COLUMNS": ["subject_crdc_id", "subject_id", "cause_of_death", "ethnicity", "race", "species", "subject_data_at_cds", "subject_data_at_gdc", "subject_data_at_icdc", "subject_data_at_idc", "subject_data_at_pdc", "subject_data_source_count", "year_of_birth", "year_of_death"], "EXCLUDE_COLUMNS": []}
2025-01-07 17:01:22,504 - Query: 9126fee9-a833-4cf8-9614-dbbcf5cf634d - INFO: http://127.0.0.1:8000/data/subject?limit=500000&offset=0
2025-01-07 17:01:22,504 - Query: 9126fee9-a833-4cf8-9614-dbbcf5cf634d - INFO: Building fetch_rows query
2025-01-07 17:01:22,504 - Query: 9126fee9-a833-4cf8-9614-dbbcf5cf634d - INFO: Building MATCH conditions
2025-01-07 17:01:22,505 - Query: 9126fee9-a833-4cf8-9614-dbbcf5cf634d - INFO: Building SELECT clause
2025-01-07 17:01:22,508 - Query: 9126fee9-a833-4cf8-9614-dbbcf5cf634d - ERROR: cannot unpack non-iterable NoneType object
Traceback (most recent call last):
  File "/Users/coontd/cda/cda-api/cda_api/routers/data.py", line 57, in subject_fetch_rows_endpoint
    result = fetch_rows(db, endpoint_tablename='subject', qnode=qnode, limit=limit, offset=offset, log=log)
             ^^^^^^^^^^^^^^^^^^^^^^^^^^^^^^^^^^^^^^^^^^^^^^^^^^^^^^^^^^^^^^^^^^^^^^^^^^^^^^^^^^^^^^^^^^^^^^
  File "/Users/coontd/cda/cda-api/cda_api/db/query_builders.py", line 56, in fetch_rows
    dicom_query, dicom_count_subquery = get_dicom_series_fetch_rows_query(db=db, select_columns=select_columns, qnode=qnode, endpoint_tablename=endpoint_tablename, log=log)
    ^^^^^^^^^^^^^^^^^^^^^^^^^^^^^^^^^
TypeError: cannot unpack non-iterable NoneType object
2025-01-07 17:03:08,104 - Setup: connection.py - INFO: Creating database connection url from environment variables found in config/.env
2025-01-07 17:03:08,104 - Setup: connection.py - INFO: Creating database engine and session objects
2025-01-07 17:03:08,144 - Setup: schema.py - INFO: Building SQLAlchemy automap
2025-01-07 17:03:09,777 - Setup: schema.py - INFO: Successfully built SQLAlchemy automap
2025-01-07 17:03:09,777 - Setup: schema.py - INFO: Adding relationships to file table
2025-01-07 17:03:09,778 - Setup: schema.py - INFO: Adding relationships to project table
2025-01-07 17:03:09,778 - Setup: schema.py - INFO: Adding relationships to dicom_series table
2025-01-07 17:03:09,779 - Setup: schema.py - INFO: Successfully added relationships to file project, and dicom_series tables
2025-01-07 17:03:09,779 - Setup: schema.py - INFO: Successfully added relationships for dicom_series to its secondary tables
2025-01-07 17:03:09,791 - Setup: DatabaseMap.py - INFO: Building column_metadata map
2025-01-07 17:03:09,897 - Setup: DatabaseMap.py - INFO: Building DatabaseMap Object
2025-01-07 17:03:09,897 - Setup: DatabaseMap.py - INFO: Building metadata variables from automapped Base
2025-01-07 17:03:09,898 - Setup: DatabaseMap.py - INFO: Building entity class variables from automapped Base
2025-01-07 17:03:09,898 - Setup: DatabaseMap.py - INFO: Building column map
2025-01-07 17:03:09,900 - Setup: DatabaseMap.py - INFO: Building relationship map
2025-01-07 17:03:16,570 - Query: c145b62a-d472-499e-9da8-e0a67543a72c - INFO: data/subject endpoint hit: Address(host='127.0.0.1', port=50619)
2025-01-07 17:03:16,570 - Query: c145b62a-d472-499e-9da8-e0a67543a72c - INFO: QNode: {"MATCH_ALL": ["sex = Male"], "MATCH_SOME": [], "ADD_COLUMNS": ["subject_crdc_id", "subject_id", "cause_of_death", "ethnicity", "race", "species", "subject_data_at_cds", "subject_data_at_gdc", "subject_data_at_icdc", "subject_data_at_idc", "subject_data_at_pdc", "subject_data_source_count", "year_of_birth", "year_of_death"], "EXCLUDE_COLUMNS": []}
2025-01-07 17:03:16,570 - Query: c145b62a-d472-499e-9da8-e0a67543a72c - INFO: http://127.0.0.1:8000/data/subject?limit=500000&offset=0
2025-01-07 17:03:16,570 - Query: c145b62a-d472-499e-9da8-e0a67543a72c - INFO: Building fetch_rows query
2025-01-07 17:03:16,570 - Query: c145b62a-d472-499e-9da8-e0a67543a72c - INFO: Building MATCH conditions
2025-01-07 17:03:16,571 - Query: c145b62a-d472-499e-9da8-e0a67543a72c - INFO: Building SELECT clause
2025-01-07 17:03:19,501 - Query: c145b62a-d472-499e-9da8-e0a67543a72c - ERROR: name 'dicom_count_query' is not defined
Traceback (most recent call last):
  File "/Users/coontd/cda/cda-api/cda_api/routers/data.py", line 57, in subject_fetch_rows_endpoint
    result = fetch_rows(db, endpoint_tablename='subject', qnode=qnode, limit=limit, offset=offset, log=log)
             ^^^^^^^^^^^^^^^^^^^^^^^^^^^^^^^^^^^^^^^^^^^^^^^^^^^^^^^^^^^^^^^^^^^^^^^^^^^^^^^^^^^^^^^^^^^^^^
  File "/Users/coontd/cda/cda-api/cda_api/db/query_builders.py", line 74, in fetch_rows
    if dicom_count_query:
       ^^^^^^^^^^^^^^^^^
NameError: name 'dicom_count_query' is not defined
2025-01-07 17:03:30,864 - Setup: connection.py - INFO: Creating database connection url from environment variables found in config/.env
2025-01-07 17:03:30,864 - Setup: connection.py - INFO: Creating database engine and session objects
2025-01-07 17:03:30,902 - Setup: schema.py - INFO: Building SQLAlchemy automap
2025-01-07 17:03:32,521 - Setup: schema.py - INFO: Successfully built SQLAlchemy automap
2025-01-07 17:03:32,522 - Setup: schema.py - INFO: Adding relationships to file table
2025-01-07 17:03:32,522 - Setup: schema.py - INFO: Adding relationships to project table
2025-01-07 17:03:32,523 - Setup: schema.py - INFO: Adding relationships to dicom_series table
2025-01-07 17:03:32,523 - Setup: schema.py - INFO: Successfully added relationships to file project, and dicom_series tables
2025-01-07 17:03:32,523 - Setup: schema.py - INFO: Successfully added relationships for dicom_series to its secondary tables
2025-01-07 17:03:32,535 - Setup: DatabaseMap.py - INFO: Building column_metadata map
2025-01-07 17:03:32,639 - Setup: DatabaseMap.py - INFO: Building DatabaseMap Object
2025-01-07 17:03:32,639 - Setup: DatabaseMap.py - INFO: Building metadata variables from automapped Base
2025-01-07 17:03:32,640 - Setup: DatabaseMap.py - INFO: Building entity class variables from automapped Base
2025-01-07 17:03:32,640 - Setup: DatabaseMap.py - INFO: Building column map
2025-01-07 17:03:32,642 - Setup: DatabaseMap.py - INFO: Building relationship map
2025-01-07 17:03:38,196 - Query: ef89316b-611b-4b88-9705-9bc75bea9b6f - INFO: data/subject endpoint hit: Address(host='127.0.0.1', port=50646)
2025-01-07 17:03:38,196 - Query: ef89316b-611b-4b88-9705-9bc75bea9b6f - INFO: QNode: {"MATCH_ALL": ["sex = Male"], "MATCH_SOME": [], "ADD_COLUMNS": ["subject_crdc_id", "subject_id", "cause_of_death", "ethnicity", "race", "species", "subject_data_at_cds", "subject_data_at_gdc", "subject_data_at_icdc", "subject_data_at_idc", "subject_data_at_pdc", "subject_data_source_count", "year_of_birth", "year_of_death"], "EXCLUDE_COLUMNS": []}
2025-01-07 17:03:38,196 - Query: ef89316b-611b-4b88-9705-9bc75bea9b6f - INFO: http://127.0.0.1:8000/data/subject?limit=500000&offset=0
2025-01-07 17:03:38,196 - Query: ef89316b-611b-4b88-9705-9bc75bea9b6f - INFO: Building fetch_rows query
2025-01-07 17:03:38,196 - Query: ef89316b-611b-4b88-9705-9bc75bea9b6f - INFO: Building MATCH conditions
2025-01-07 17:03:38,197 - Query: ef89316b-611b-4b88-9705-9bc75bea9b6f - INFO: Building SELECT clause
2025-01-07 17:03:41,103 - Query: ef89316b-611b-4b88-9705-9bc75bea9b6f - INFO: Query execution time: 2.8931779861450195s
2025-01-07 17:03:41,103 - Query: ef89316b-611b-4b88-9705-9bc75bea9b6f - INFO: Returning 74035 rows out of 74035 results | limit=500000 & offset=0
2025-01-07 17:03:41,104 - Query: ef89316b-611b-4b88-9705-9bc75bea9b6f - INFO: Success
2025-01-07 17:04:43,698 - Setup: connection.py - INFO: Creating database connection url from environment variables found in config/.env
2025-01-07 17:04:43,698 - Setup: connection.py - INFO: Creating database engine and session objects
2025-01-07 17:04:43,735 - Setup: schema.py - INFO: Building SQLAlchemy automap
2025-01-07 17:04:45,308 - Setup: schema.py - INFO: Successfully built SQLAlchemy automap
2025-01-07 17:04:45,309 - Setup: schema.py - INFO: Adding relationships to file table
2025-01-07 17:04:45,309 - Setup: schema.py - INFO: Adding relationships to project table
2025-01-07 17:04:45,310 - Setup: schema.py - INFO: Adding relationships to dicom_series table
2025-01-07 17:04:45,310 - Setup: schema.py - INFO: Successfully added relationships to file project, and dicom_series tables
2025-01-07 17:04:45,310 - Setup: schema.py - INFO: Successfully added relationships for dicom_series to its secondary tables
2025-01-07 17:04:45,322 - Setup: DatabaseMap.py - INFO: Building column_metadata map
2025-01-07 17:04:45,425 - Setup: DatabaseMap.py - INFO: Building DatabaseMap Object
2025-01-07 17:04:45,425 - Setup: DatabaseMap.py - INFO: Building metadata variables from automapped Base
2025-01-07 17:04:45,426 - Setup: DatabaseMap.py - INFO: Building entity class variables from automapped Base
2025-01-07 17:04:45,426 - Setup: DatabaseMap.py - INFO: Building column map
2025-01-07 17:04:45,427 - Setup: DatabaseMap.py - INFO: Building relationship map
2025-01-07 17:04:49,869 - Query: f080ad20-3f52-41a1-bb1f-a04544c86f40 - INFO: data/subject endpoint hit: Address(host='127.0.0.1', port=50716)
2025-01-07 17:04:49,870 - Query: f080ad20-3f52-41a1-bb1f-a04544c86f40 - INFO: QNode: {"MATCH_ALL": ["sex = Male"], "MATCH_SOME": [], "ADD_COLUMNS": ["subject_crdc_id", "subject_id", "cause_of_death", "ethnicity", "race", "species", "subject_data_at_cds", "subject_data_at_gdc", "subject_data_at_icdc", "subject_data_at_idc", "subject_data_at_pdc", "subject_data_source_count", "year_of_birth", "year_of_death"], "EXCLUDE_COLUMNS": []}
2025-01-07 17:04:49,870 - Query: f080ad20-3f52-41a1-bb1f-a04544c86f40 - INFO: http://127.0.0.1:8000/data/subject?limit=500000&offset=0
2025-01-07 17:04:49,870 - Query: f080ad20-3f52-41a1-bb1f-a04544c86f40 - INFO: Building fetch_rows query
2025-01-07 17:04:49,870 - Query: f080ad20-3f52-41a1-bb1f-a04544c86f40 - INFO: Building MATCH conditions
2025-01-07 17:04:49,870 - Query: f080ad20-3f52-41a1-bb1f-a04544c86f40 - INFO: Building SELECT clause
2025-01-07 17:04:53,455 - Query: f080ad20-3f52-41a1-bb1f-a04544c86f40 - INFO: Query execution time: 3.571094036102295s
2025-01-07 17:04:53,455 - Query: f080ad20-3f52-41a1-bb1f-a04544c86f40 - INFO: Returning 74035 rows out of 74035 results | limit=500000 & offset=0
2025-01-07 17:04:53,456 - Query: f080ad20-3f52-41a1-bb1f-a04544c86f40 - INFO: Success
2025-01-07 17:06:48,819 - Query: 85524cb6-449b-40c6-b929-1f46699e1b4e - INFO: data/subject endpoint hit: Address(host='127.0.0.1', port=50867)
2025-01-07 17:06:48,819 - Query: 85524cb6-449b-40c6-b929-1f46699e1b4e - INFO: QNode: {"MATCH_ALL": ["sex = Male"], "MATCH_SOME": [], "ADD_COLUMNS": ["subject_crdc_id", "subject_id", "cause_of_death", "ethnicity", "race", "species", "subject_data_at_cds", "subject_data_at_gdc", "subject_data_at_icdc", "subject_data_at_idc", "subject_data_at_pdc", "subject_data_source_count", "year_of_birth", "year_of_death"], "EXCLUDE_COLUMNS": []}
2025-01-07 17:06:48,819 - Query: 85524cb6-449b-40c6-b929-1f46699e1b4e - INFO: http://127.0.0.1:8000/data/subject?limit=500000&offset=0
2025-01-07 17:06:48,820 - Query: 85524cb6-449b-40c6-b929-1f46699e1b4e - INFO: Building fetch_rows query
2025-01-07 17:06:48,820 - Query: 85524cb6-449b-40c6-b929-1f46699e1b4e - INFO: Building MATCH conditions
2025-01-07 17:06:48,820 - Query: 85524cb6-449b-40c6-b929-1f46699e1b4e - INFO: Building SELECT clause
2025-01-07 17:06:51,937 - Query: 85524cb6-449b-40c6-b929-1f46699e1b4e - INFO: Query execution time: 3.108281135559082s
2025-01-07 17:06:51,937 - Query: 85524cb6-449b-40c6-b929-1f46699e1b4e - INFO: Returning 74035 rows out of 74035 results | limit=500000 & offset=0
2025-01-07 17:06:51,939 - Query: 85524cb6-449b-40c6-b929-1f46699e1b4e - INFO: Success
2025-01-07 17:07:41,146 - Query: 68ec5bc1-67e2-4bd8-8a36-11552be17cca - INFO: data/subject endpoint hit: Address(host='127.0.0.1', port=50938)
2025-01-07 17:07:41,146 - Query: 68ec5bc1-67e2-4bd8-8a36-11552be17cca - INFO: QNode: {"MATCH_ALL": ["sex = Male"], "MATCH_SOME": [], "ADD_COLUMNS": ["subject_crdc_id", "subject_id", "cause_of_death", "ethnicity", "race", "species", "subject_data_at_cds", "subject_data_at_gdc", "subject_data_at_icdc", "subject_data_at_idc", "subject_data_at_pdc", "subject_data_source_count", "year_of_birth", "year_of_death"], "EXCLUDE_COLUMNS": []}
2025-01-07 17:07:41,147 - Query: 68ec5bc1-67e2-4bd8-8a36-11552be17cca - INFO: http://127.0.0.1:8000/data/subject?limit=500000&offset=0
2025-01-07 17:07:41,147 - Query: 68ec5bc1-67e2-4bd8-8a36-11552be17cca - INFO: Building fetch_rows query
2025-01-07 17:07:41,147 - Query: 68ec5bc1-67e2-4bd8-8a36-11552be17cca - INFO: Building MATCH conditions
2025-01-07 17:07:41,148 - Query: 68ec5bc1-67e2-4bd8-8a36-11552be17cca - INFO: Building SELECT clause
2025-01-07 17:07:44,349 - Query: 68ec5bc1-67e2-4bd8-8a36-11552be17cca - INFO: Query execution time: 3.1818532943725586s
2025-01-07 17:07:44,350 - Query: 68ec5bc1-67e2-4bd8-8a36-11552be17cca - INFO: Returning 74035 rows out of 74035 results | limit=500000 & offset=0
2025-01-07 17:07:44,351 - Query: 68ec5bc1-67e2-4bd8-8a36-11552be17cca - INFO: Success
2025-01-07 17:08:45,922 - Query: 45513d50-fd9a-4db8-8743-2038a8dbe105 - INFO: data/subject endpoint hit: Address(host='127.0.0.1', port=51021)
2025-01-07 17:08:45,922 - Query: 45513d50-fd9a-4db8-8743-2038a8dbe105 - INFO: QNode: {"MATCH_ALL": ["sex = Male"], "MATCH_SOME": [], "ADD_COLUMNS": ["subject_crdc_id", "subject_id", "cause_of_death", "ethnicity", "race", "species", "subject_data_at_cds", "subject_data_at_gdc", "subject_data_at_icdc", "subject_data_at_idc", "subject_data_at_pdc", "subject_data_source_count", "year_of_birth", "year_of_death"], "EXCLUDE_COLUMNS": []}
2025-01-07 17:08:45,923 - Query: 45513d50-fd9a-4db8-8743-2038a8dbe105 - INFO: http://127.0.0.1:8000/data/subject?limit=500000&offset=0
2025-01-07 17:08:45,923 - Query: 45513d50-fd9a-4db8-8743-2038a8dbe105 - INFO: Building fetch_rows query
2025-01-07 17:08:45,923 - Query: 45513d50-fd9a-4db8-8743-2038a8dbe105 - INFO: Building MATCH conditions
2025-01-07 17:08:45,924 - Query: 45513d50-fd9a-4db8-8743-2038a8dbe105 - INFO: Building SELECT clause
2025-01-07 17:08:49,456 - Query: 45513d50-fd9a-4db8-8743-2038a8dbe105 - INFO: Query execution time: 3.5231499671936035s
2025-01-07 17:08:49,456 - Query: 45513d50-fd9a-4db8-8743-2038a8dbe105 - INFO: Returning 74035 rows out of 74035 results | limit=500000 & offset=0
2025-01-07 17:08:49,458 - Query: 45513d50-fd9a-4db8-8743-2038a8dbe105 - INFO: Success
2025-01-07 17:10:16,666 - Query: b263630d-8ab7-4062-997c-b6ccef68f540 - INFO: data/subject endpoint hit: Address(host='127.0.0.1', port=51122)
2025-01-07 17:10:16,666 - Query: b263630d-8ab7-4062-997c-b6ccef68f540 - INFO: QNode: {"MATCH_ALL": ["sex = Male"], "MATCH_SOME": [], "ADD_COLUMNS": ["subject_crdc_id", "subject_id", "cause_of_death", "ethnicity", "race", "species", "subject_data_at_cds", "subject_data_at_gdc", "subject_data_at_icdc", "subject_data_at_idc", "subject_data_at_pdc", "subject_data_source_count", "year_of_birth", "year_of_death"], "EXCLUDE_COLUMNS": []}
2025-01-07 17:10:16,666 - Query: b263630d-8ab7-4062-997c-b6ccef68f540 - INFO: http://127.0.0.1:8000/data/subject?limit=500000&offset=0
2025-01-07 17:10:16,666 - Query: b263630d-8ab7-4062-997c-b6ccef68f540 - INFO: Building fetch_rows query
2025-01-07 17:10:16,666 - Query: b263630d-8ab7-4062-997c-b6ccef68f540 - INFO: Building MATCH conditions
2025-01-07 17:10:16,671 - Query: b263630d-8ab7-4062-997c-b6ccef68f540 - INFO: Building SELECT clause
2025-01-07 17:10:19,979 - Query: b263630d-8ab7-4062-997c-b6ccef68f540 - INFO: Query execution time: 3.2855591773986816s
2025-01-07 17:10:19,979 - Query: b263630d-8ab7-4062-997c-b6ccef68f540 - INFO: Returning 74035 rows out of 74035 results | limit=500000 & offset=0
2025-01-07 17:10:19,980 - Query: b263630d-8ab7-4062-997c-b6ccef68f540 - INFO: Success
2025-01-07 17:12:02,837 - Query: 267b7a67-4e31-4a45-988a-1748f2b6a239 - INFO: data/subject endpoint hit: Address(host='127.0.0.1', port=51250)
2025-01-07 17:12:02,837 - Query: 267b7a67-4e31-4a45-988a-1748f2b6a239 - INFO: QNode: {"MATCH_ALL": ["sex = Male"], "MATCH_SOME": [], "ADD_COLUMNS": ["subject_crdc_id", "subject_id", "cause_of_death", "ethnicity", "race", "species", "subject_data_at_cds", "subject_data_at_gdc", "subject_data_at_icdc", "subject_data_at_idc", "subject_data_at_pdc", "subject_data_source_count", "year_of_birth", "year_of_death"], "EXCLUDE_COLUMNS": []}
2025-01-07 17:12:02,837 - Query: 267b7a67-4e31-4a45-988a-1748f2b6a239 - INFO: http://127.0.0.1:8000/data/subject?limit=500000&offset=0
2025-01-07 17:12:02,837 - Query: 267b7a67-4e31-4a45-988a-1748f2b6a239 - INFO: Building fetch_rows query
2025-01-07 17:12:02,837 - Query: 267b7a67-4e31-4a45-988a-1748f2b6a239 - INFO: Building MATCH conditions
2025-01-07 17:12:02,838 - Query: 267b7a67-4e31-4a45-988a-1748f2b6a239 - INFO: Building SELECT clause
2025-01-07 17:12:06,507 - Query: 267b7a67-4e31-4a45-988a-1748f2b6a239 - INFO: Query execution time: 3.660109043121338s
2025-01-07 17:12:06,507 - Query: 267b7a67-4e31-4a45-988a-1748f2b6a239 - INFO: Returning 74035 rows out of 74035 results | limit=500000 & offset=0
2025-01-07 17:12:06,509 - Query: 267b7a67-4e31-4a45-988a-1748f2b6a239 - INFO: Success
2025-01-07 17:12:51,532 - Query: 18d0a968-606c-46fc-9bef-ef97cb70cf2b - INFO: data/subject endpoint hit: Address(host='127.0.0.1', port=51333)
2025-01-07 17:12:51,533 - Query: 18d0a968-606c-46fc-9bef-ef97cb70cf2b - INFO: QNode: {"MATCH_ALL": ["sex = Male"], "MATCH_SOME": [], "ADD_COLUMNS": ["subject_crdc_id", "subject_id", "cause_of_death", "ethnicity", "race", "species", "subject_data_at_cds", "subject_data_at_gdc", "subject_data_at_icdc", "subject_data_at_idc", "subject_data_at_pdc", "subject_data_source_count", "year_of_birth", "year_of_death"], "EXCLUDE_COLUMNS": []}
2025-01-07 17:12:51,533 - Query: 18d0a968-606c-46fc-9bef-ef97cb70cf2b - INFO: http://127.0.0.1:8000/data/subject?limit=500000&offset=0
2025-01-07 17:12:51,533 - Query: 18d0a968-606c-46fc-9bef-ef97cb70cf2b - INFO: Building fetch_rows query
2025-01-07 17:12:51,533 - Query: 18d0a968-606c-46fc-9bef-ef97cb70cf2b - INFO: Building MATCH conditions
2025-01-07 17:12:51,533 - Query: 18d0a968-606c-46fc-9bef-ef97cb70cf2b - INFO: Building SELECT clause
2025-01-07 17:12:54,785 - Query: 18d0a968-606c-46fc-9bef-ef97cb70cf2b - INFO: Query execution time: 3.23980975151062s
2025-01-07 17:12:54,785 - Query: 18d0a968-606c-46fc-9bef-ef97cb70cf2b - INFO: Returning 74035 rows out of 74035 results | limit=500000 & offset=0
2025-01-07 17:12:54,786 - Query: 18d0a968-606c-46fc-9bef-ef97cb70cf2b - INFO: Success
2025-01-07 17:13:51,657 - Query: b6dccbf3-66ac-4f62-8001-3eb48b28f6ce - INFO: data/subject endpoint hit: Address(host='127.0.0.1', port=51399)
2025-01-07 17:13:51,657 - Query: b6dccbf3-66ac-4f62-8001-3eb48b28f6ce - INFO: QNode: {"MATCH_ALL": ["sex = Male"], "MATCH_SOME": [], "ADD_COLUMNS": ["subject_crdc_id", "subject_id", "cause_of_death", "ethnicity", "race", "species", "subject_data_at_cds", "subject_data_at_gdc", "subject_data_at_icdc", "subject_data_at_idc", "subject_data_at_pdc", "subject_data_source_count", "year_of_birth", "year_of_death"], "EXCLUDE_COLUMNS": []}
2025-01-07 17:13:51,657 - Query: b6dccbf3-66ac-4f62-8001-3eb48b28f6ce - INFO: http://127.0.0.1:8000/data/subject?limit=500000&offset=0
2025-01-07 17:13:51,657 - Query: b6dccbf3-66ac-4f62-8001-3eb48b28f6ce - INFO: Building fetch_rows query
2025-01-07 17:13:51,657 - Query: b6dccbf3-66ac-4f62-8001-3eb48b28f6ce - INFO: Building MATCH conditions
2025-01-07 17:13:51,658 - Query: b6dccbf3-66ac-4f62-8001-3eb48b28f6ce - INFO: Building SELECT clause
2025-01-07 17:13:54,921 - Query: b6dccbf3-66ac-4f62-8001-3eb48b28f6ce - INFO: Query execution time: 3.2536728382110596s
2025-01-07 17:13:54,921 - Query: b6dccbf3-66ac-4f62-8001-3eb48b28f6ce - INFO: Returning 74035 rows out of 74035 results | limit=500000 & offset=0
2025-01-07 17:13:54,923 - Query: b6dccbf3-66ac-4f62-8001-3eb48b28f6ce - INFO: Success
2025-01-07 17:14:15,778 - Query: a7ab2746-8b13-4c4b-8817-47c05a29b249 - INFO: data/subject endpoint hit: Address(host='127.0.0.1', port=51444)
2025-01-07 17:14:15,779 - Query: a7ab2746-8b13-4c4b-8817-47c05a29b249 - INFO: QNode: {"MATCH_ALL": ["sex = Male"], "MATCH_SOME": [], "ADD_COLUMNS": ["subject_crdc_id", "subject_id", "cause_of_death", "ethnicity", "race", "species", "subject_data_at_cds", "subject_data_at_gdc", "subject_data_at_icdc", "subject_data_at_idc", "subject_data_at_pdc", "subject_data_source_count", "year_of_birth", "year_of_death"], "EXCLUDE_COLUMNS": []}
2025-01-07 17:14:15,779 - Query: a7ab2746-8b13-4c4b-8817-47c05a29b249 - INFO: http://127.0.0.1:8000/data/subject?limit=500000&offset=0
2025-01-07 17:14:15,779 - Query: a7ab2746-8b13-4c4b-8817-47c05a29b249 - INFO: Building fetch_rows query
2025-01-07 17:14:15,779 - Query: a7ab2746-8b13-4c4b-8817-47c05a29b249 - INFO: Building MATCH conditions
2025-01-07 17:14:15,780 - Query: a7ab2746-8b13-4c4b-8817-47c05a29b249 - INFO: Building SELECT clause
2025-01-07 17:14:18,924 - Query: a7ab2746-8b13-4c4b-8817-47c05a29b249 - INFO: Query execution time: 3.133763074874878s
2025-01-07 17:14:18,924 - Query: a7ab2746-8b13-4c4b-8817-47c05a29b249 - INFO: Returning 74035 rows out of 74035 results | limit=500000 & offset=0
2025-01-07 17:14:18,925 - Query: a7ab2746-8b13-4c4b-8817-47c05a29b249 - INFO: Success
2025-01-07 17:15:08,611 - Query: a0cec6e8-4fe8-4cbb-89fb-a849ed87b008 - INFO: data/subject endpoint hit: Address(host='127.0.0.1', port=51530)
2025-01-07 17:15:08,611 - Query: a0cec6e8-4fe8-4cbb-89fb-a849ed87b008 - INFO: QNode: {"MATCH_ALL": ["sex = Male"], "MATCH_SOME": [], "ADD_COLUMNS": ["subject_crdc_id", "subject_id", "cause_of_death", "ethnicity", "race", "species", "subject_data_at_cds", "subject_data_at_gdc", "subject_data_at_icdc", "subject_data_at_idc", "subject_data_at_pdc", "subject_data_source_count", "year_of_birth", "year_of_death"], "EXCLUDE_COLUMNS": []}
2025-01-07 17:15:08,611 - Query: a0cec6e8-4fe8-4cbb-89fb-a849ed87b008 - INFO: http://127.0.0.1:8000/data/subject?limit=500000&offset=0
2025-01-07 17:15:08,611 - Query: a0cec6e8-4fe8-4cbb-89fb-a849ed87b008 - INFO: Building fetch_rows query
2025-01-07 17:15:08,611 - Query: a0cec6e8-4fe8-4cbb-89fb-a849ed87b008 - INFO: Building MATCH conditions
2025-01-07 17:15:08,611 - Query: a0cec6e8-4fe8-4cbb-89fb-a849ed87b008 - INFO: Building SELECT clause
2025-01-07 17:15:11,247 - Query: a0cec6e8-4fe8-4cbb-89fb-a849ed87b008 - INFO: Query execution time: 2.626222848892212s
2025-01-07 17:15:11,247 - Query: a0cec6e8-4fe8-4cbb-89fb-a849ed87b008 - INFO: Returning 74035 rows out of 74035 results | limit=500000 & offset=0
2025-01-07 17:15:11,248 - Query: a0cec6e8-4fe8-4cbb-89fb-a849ed87b008 - INFO: Success
2025-01-07 17:17:55,054 - Query: 8530c351-fd8a-4406-b161-d9a3999c94f1 - INFO: data/subject endpoint hit: Address(host='127.0.0.1', port=51707)
2025-01-07 17:17:55,054 - Query: 8530c351-fd8a-4406-b161-d9a3999c94f1 - INFO: QNode: {"MATCH_ALL": ["sex = Male"], "MATCH_SOME": [], "ADD_COLUMNS": ["subject_crdc_id", "subject_id", "cause_of_death", "ethnicity", "race", "species", "subject_data_at_cds", "subject_data_at_gdc", "subject_data_at_icdc", "subject_data_at_idc", "subject_data_at_pdc", "subject_data_source_count", "year_of_birth", "year_of_death"], "EXCLUDE_COLUMNS": []}
2025-01-07 17:17:55,054 - Query: 8530c351-fd8a-4406-b161-d9a3999c94f1 - INFO: http://127.0.0.1:8000/data/subject?limit=500000&offset=0
2025-01-07 17:17:55,054 - Query: 8530c351-fd8a-4406-b161-d9a3999c94f1 - INFO: Building fetch_rows query
2025-01-07 17:17:55,054 - Query: 8530c351-fd8a-4406-b161-d9a3999c94f1 - INFO: Building MATCH conditions
2025-01-07 17:17:55,054 - Query: 8530c351-fd8a-4406-b161-d9a3999c94f1 - INFO: Building SELECT clause
2025-01-07 17:17:58,035 - Query: 8530c351-fd8a-4406-b161-d9a3999c94f1 - INFO: Query execution time: 2.9725067615509033s
2025-01-07 17:17:58,036 - Query: 8530c351-fd8a-4406-b161-d9a3999c94f1 - INFO: Returning 74035 rows out of 74035 results | limit=500000 & offset=0
2025-01-07 17:17:58,037 - Query: 8530c351-fd8a-4406-b161-d9a3999c94f1 - INFO: Success
2025-01-08 09:16:24,863 - Setup: connection.py - INFO: Reading environment variables from .env
2025-01-08 09:16:24,863 - Setup: connection.py - INFO: Creating database connection url from environment variables found in config/.env
2025-01-08 09:16:24,864 - Setup: connection.py - INFO: Creating database engine and session objects
2025-01-08 09:16:24,904 - Setup: schema.py - INFO: Building SQLAlchemy automap
2025-01-08 09:16:26,615 - Setup: schema.py - INFO: Successfully built SQLAlchemy automap
2025-01-08 09:16:26,616 - Setup: schema.py - INFO: Adding relationships to file table
2025-01-08 09:16:26,616 - Setup: schema.py - INFO: Adding relationships to project table
2025-01-08 09:16:26,617 - Setup: schema.py - INFO: Adding relationships to dicom_series table
2025-01-08 09:16:26,617 - Setup: schema.py - INFO: Successfully added relationships to file project, and dicom_series tables
2025-01-08 09:16:26,617 - Setup: schema.py - INFO: Successfully added relationships for dicom_series to its secondary tables
2025-01-08 09:16:26,630 - Setup: DatabaseMap.py - INFO: Building column_metadata map
2025-01-08 09:16:26,747 - Setup: DatabaseMap.py - INFO: Building DatabaseMap Object
2025-01-08 09:16:26,748 - Setup: DatabaseMap.py - INFO: Building metadata variables from automapped Base
2025-01-08 09:16:26,748 - Setup: DatabaseMap.py - INFO: Building entity class variables from automapped Base
2025-01-08 09:16:26,748 - Setup: DatabaseMap.py - INFO: Building column map
2025-01-08 09:16:26,750 - Setup: DatabaseMap.py - INFO: Building relationship map
2025-01-08 09:16:27,394 - Setup: connection.py - INFO: Creating database connection url from environment variables found in config/.env
2025-01-08 09:16:27,394 - Setup: connection.py - INFO: Creating database engine and session objects
2025-01-08 09:16:27,430 - Setup: schema.py - INFO: Building SQLAlchemy automap
2025-01-08 09:16:29,087 - Setup: schema.py - INFO: Successfully built SQLAlchemy automap
2025-01-08 09:16:29,087 - Setup: schema.py - INFO: Adding relationships to file table
2025-01-08 09:16:29,088 - Setup: schema.py - INFO: Adding relationships to project table
2025-01-08 09:16:29,088 - Setup: schema.py - INFO: Adding relationships to dicom_series table
2025-01-08 09:16:29,088 - Setup: schema.py - INFO: Successfully added relationships to file project, and dicom_series tables
2025-01-08 09:16:29,088 - Setup: schema.py - INFO: Successfully added relationships for dicom_series to its secondary tables
2025-01-08 09:16:29,097 - Setup: DatabaseMap.py - INFO: Building column_metadata map
2025-01-08 09:16:29,205 - Setup: DatabaseMap.py - INFO: Building DatabaseMap Object
2025-01-08 09:16:29,205 - Setup: DatabaseMap.py - INFO: Building metadata variables from automapped Base
2025-01-08 09:16:29,205 - Setup: DatabaseMap.py - INFO: Building entity class variables from automapped Base
2025-01-08 09:16:29,205 - Setup: DatabaseMap.py - INFO: Building column map
2025-01-08 09:16:29,205 - Setup: DatabaseMap.py - INFO: Building relationship map
2025-01-08 09:19:01,371 - Query: 2a34d9cc-350a-4a88-b513-60cadef09b7e - INFO: data/subject endpoint hit: Address(host='127.0.0.1', port=60956)
2025-01-08 09:19:01,371 - Query: 2a34d9cc-350a-4a88-b513-60cadef09b7e - INFO: QNode: {"MATCH_ALL": ["sex = Male"], "MATCH_SOME": [], "ADD_COLUMNS": ["subject_crdc_id", "subject_id", "cause_of_death", "ethnicity", "race", "species", "subject_data_at_cds", "subject_data_at_gdc", "subject_data_at_icdc", "subject_data_at_idc", "subject_data_at_pdc", "subject_data_source_count", "year_of_birth", "year_of_death"], "EXCLUDE_COLUMNS": []}
2025-01-08 09:19:01,371 - Query: 2a34d9cc-350a-4a88-b513-60cadef09b7e - INFO: http://127.0.0.1:8000/data/subject?limit=500000&offset=0
2025-01-08 09:19:01,371 - Query: 2a34d9cc-350a-4a88-b513-60cadef09b7e - INFO: Building fetch_rows query
2025-01-08 09:19:01,371 - Query: 2a34d9cc-350a-4a88-b513-60cadef09b7e - INFO: Building MATCH conditions
2025-01-08 09:19:01,373 - Query: 2a34d9cc-350a-4a88-b513-60cadef09b7e - INFO: Building SELECT clause
2025-01-08 09:19:05,076 - Query: 2a34d9cc-350a-4a88-b513-60cadef09b7e - INFO: Query execution time: 3.692056179046631s
2025-01-08 09:19:05,076 - Query: 2a34d9cc-350a-4a88-b513-60cadef09b7e - INFO: Returning 74035 rows out of 74035 results | limit=500000 & offset=0
2025-01-08 09:19:05,077 - Query: 2a34d9cc-350a-4a88-b513-60cadef09b7e - INFO: Success
2025-01-08 09:19:09,179 - Query: b9dd44f5-6dce-4e27-a1f3-fc07c35e2b41 - INFO: unique_values endpoint hit: Address(host='127.0.0.1', port=60964)
2025-01-08 09:19:09,179 - Query: b9dd44f5-6dce-4e27-a1f3-fc07c35e2b41 - INFO: http://127.0.0.1:8000/unique_values/sex?system=&count=true&totalCount=true&limit=500000&offset=0
2025-01-08 09:19:09,179 - Query: b9dd44f5-6dce-4e27-a1f3-fc07c35e2b41 - INFO: Building unique_values query
2025-01-08 09:19:09,370 - Query: b9dd44f5-6dce-4e27-a1f3-fc07c35e2b41 - INFO: Query execution time: 0.18238496780395508s
2025-01-08 09:19:09,370 - Query: b9dd44f5-6dce-4e27-a1f3-fc07c35e2b41 - INFO: Returning 3 rows out of 3 results | limit=500000 & offset=0
2025-01-08 09:23:40,391 - Query: 7ab8ca40-d590-46ab-81bc-e1bfae6def61 - INFO: data/subject endpoint hit: Address(host='127.0.0.1', port=61175)
2025-01-08 09:23:40,392 - Query: 7ab8ca40-d590-46ab-81bc-e1bfae6def61 - INFO: QNode: {"MATCH_ALL": ["sex = Male", "file_size < 10000"], "MATCH_SOME": [], "ADD_COLUMNS": ["subject_crdc_id", "subject_id", "cause_of_death", "ethnicity", "race", "species", "subject_data_at_cds", "subject_data_at_gdc", "subject_data_at_icdc", "subject_data_at_idc", "subject_data_at_pdc", "subject_data_source_count", "year_of_birth", "year_of_death", "file_size"], "EXCLUDE_COLUMNS": []}
2025-01-08 09:23:40,392 - Query: 7ab8ca40-d590-46ab-81bc-e1bfae6def61 - INFO: http://127.0.0.1:8000/data/subject?limit=500000&offset=0
2025-01-08 09:23:40,392 - Query: 7ab8ca40-d590-46ab-81bc-e1bfae6def61 - INFO: Building fetch_rows query
2025-01-08 09:23:40,392 - Query: 7ab8ca40-d590-46ab-81bc-e1bfae6def61 - INFO: Building MATCH conditions
2025-01-08 09:23:40,393 - Query: 7ab8ca40-d590-46ab-81bc-e1bfae6def61 - INFO: Building SELECT clause
2025-01-08 09:24:09,608 - Query: 7ab8ca40-d590-46ab-81bc-e1bfae6def61 - INFO: Query execution time: 29.198452949523926s
2025-01-08 09:24:09,609 - Query: 7ab8ca40-d590-46ab-81bc-e1bfae6def61 - INFO: Returning 24417 rows out of 24417 results | limit=500000 & offset=0
2025-01-08 09:24:09,613 - Query: 7ab8ca40-d590-46ab-81bc-e1bfae6def61 - INFO: Success
2025-01-08 10:09:55,182 - Setup: connection.py - INFO: Reading environment variables from .env
2025-01-08 10:09:55,183 - Setup: connection.py - INFO: Creating database connection url from environment variables found in config/.env
2025-01-08 10:09:55,183 - Setup: connection.py - INFO: Creating database engine and session objects
2025-01-08 10:09:55,234 - Setup: schema.py - INFO: Building SQLAlchemy automap
2025-01-08 10:09:56,861 - Setup: schema.py - INFO: Successfully built SQLAlchemy automap
2025-01-08 10:09:56,861 - Setup: schema.py - INFO: Adding relationships to file table
2025-01-08 10:09:56,861 - Setup: schema.py - INFO: Adding relationships to project table
2025-01-08 10:09:56,862 - Setup: schema.py - INFO: Adding relationships to dicom_series table
2025-01-08 10:09:56,862 - Setup: schema.py - INFO: Successfully added relationships to file project, and dicom_series tables
2025-01-08 10:09:56,862 - Setup: schema.py - INFO: Successfully added relationships for dicom_series to its secondary tables
2025-01-08 10:09:56,873 - Setup: DatabaseMap.py - INFO: Building column_metadata map
2025-01-08 10:09:56,976 - Setup: DatabaseMap.py - INFO: Building DatabaseMap Object
2025-01-08 10:09:56,977 - Setup: DatabaseMap.py - INFO: Building metadata variables from automapped Base
2025-01-08 10:09:56,977 - Setup: DatabaseMap.py - INFO: Building entity class variables from automapped Base
2025-01-08 10:09:56,977 - Setup: DatabaseMap.py - INFO: Building column map
2025-01-08 10:09:56,979 - Setup: DatabaseMap.py - INFO: Building relationship map
2025-01-08 10:09:57,639 - Setup: connection.py - INFO: Creating database connection url from environment variables found in config/.env
2025-01-08 10:09:57,639 - Setup: connection.py - INFO: Creating database engine and session objects
2025-01-08 10:09:57,674 - Setup: schema.py - INFO: Building SQLAlchemy automap
2025-01-08 10:09:59,316 - Setup: schema.py - INFO: Successfully built SQLAlchemy automap
2025-01-08 10:09:59,317 - Setup: schema.py - INFO: Adding relationships to file table
2025-01-08 10:09:59,317 - Setup: schema.py - INFO: Adding relationships to project table
2025-01-08 10:09:59,318 - Setup: schema.py - INFO: Adding relationships to dicom_series table
2025-01-08 10:09:59,318 - Setup: schema.py - INFO: Successfully added relationships to file project, and dicom_series tables
2025-01-08 10:09:59,318 - Setup: schema.py - INFO: Successfully added relationships for dicom_series to its secondary tables
2025-01-08 10:09:59,329 - Setup: DatabaseMap.py - INFO: Building column_metadata map
2025-01-08 10:09:59,434 - Setup: DatabaseMap.py - INFO: Building DatabaseMap Object
2025-01-08 10:09:59,434 - Setup: DatabaseMap.py - INFO: Building metadata variables from automapped Base
2025-01-08 10:09:59,435 - Setup: DatabaseMap.py - INFO: Building entity class variables from automapped Base
2025-01-08 10:09:59,435 - Setup: DatabaseMap.py - INFO: Building column map
2025-01-08 10:09:59,436 - Setup: DatabaseMap.py - INFO: Building relationship map
2025-01-08 10:10:13,278 - Query: 0b039912-283a-4f16-9801-b3d549940503 - INFO: unique_values endpoint hit: Address(host='127.0.0.1', port=64757)
2025-01-08 10:10:13,278 - Query: 0b039912-283a-4f16-9801-b3d549940503 - INFO: http://127.0.0.1:8000/unique_values/sex?system=&count=true&totalCount=true&limit=500000&offset=0
2025-01-08 10:10:13,278 - Query: 0b039912-283a-4f16-9801-b3d549940503 - INFO: Building unique_values query
2025-01-08 10:10:13,851 - Query: 0b039912-283a-4f16-9801-b3d549940503 - INFO: Query execution time: 0.5664467811584473s
2025-01-08 10:10:13,851 - Query: 0b039912-283a-4f16-9801-b3d549940503 - INFO: Returning 3 rows out of 3 results | limit=500000 & offset=0
2025-01-08 10:11:58,024 - Query: 9425b406-06fe-4374-a085-7752a6f68367 - INFO: data/subject endpoint hit: Address(host='127.0.0.1', port=64859)
2025-01-08 10:11:58,025 - Query: 9425b406-06fe-4374-a085-7752a6f68367 - INFO: QNode: {"MATCH_ALL": ["sex = Male", "file_size < 10000"], "MATCH_SOME": [], "ADD_COLUMNS": ["subject_crdc_id", "subject_id", "cause_of_death", "ethnicity", "race", "species", "subject_data_at_cds", "subject_data_at_gdc", "subject_data_at_icdc", "subject_data_at_idc", "subject_data_at_pdc", "subject_data_source_count", "year_of_birth", "year_of_death", "file_size"], "EXCLUDE_COLUMNS": []}
2025-01-08 10:11:58,025 - Query: 9425b406-06fe-4374-a085-7752a6f68367 - INFO: http://127.0.0.1:8000/data/subject?limit=500000&offset=0
2025-01-08 10:11:58,025 - Query: 9425b406-06fe-4374-a085-7752a6f68367 - INFO: Building fetch_rows query
2025-01-08 10:11:58,025 - Query: 9425b406-06fe-4374-a085-7752a6f68367 - INFO: Building MATCH conditions
2025-01-08 10:11:58,027 - Query: 9425b406-06fe-4374-a085-7752a6f68367 - INFO: Building SELECT clause
2025-01-08 10:12:05,386 - Query: 9425b406-06fe-4374-a085-7752a6f68367 - INFO: Query execution time: 7.340574026107788s
2025-01-08 10:12:05,387 - Query: 9425b406-06fe-4374-a085-7752a6f68367 - INFO: Returning 24417 rows out of 24417 results | limit=500000 & offset=0
2025-01-08 10:12:05,389 - Query: 9425b406-06fe-4374-a085-7752a6f68367 - INFO: Success
2025-01-08 10:12:25,386 - Query: 8e1aa38c-0e45-4e94-91a4-792a11ad455d - INFO: data/subject endpoint hit: Address(host='127.0.0.1', port=64880)
2025-01-08 10:12:25,386 - Query: 8e1aa38c-0e45-4e94-91a4-792a11ad455d - INFO: QNode: {"MATCH_ALL": ["sex = Male", "file_size < 10000"], "MATCH_SOME": [], "ADD_COLUMNS": ["subject_crdc_id", "subject_id", "cause_of_death", "ethnicity", "race", "species", "subject_data_at_cds", "subject_data_at_gdc", "subject_data_at_icdc", "subject_data_at_idc", "subject_data_at_pdc", "subject_data_source_count", "year_of_birth", "year_of_death", "file_size"], "EXCLUDE_COLUMNS": []}
2025-01-08 10:12:25,386 - Query: 8e1aa38c-0e45-4e94-91a4-792a11ad455d - INFO: http://127.0.0.1:8000/data/subject?limit=500000&offset=0
2025-01-08 10:12:25,386 - Query: 8e1aa38c-0e45-4e94-91a4-792a11ad455d - INFO: Building fetch_rows query
2025-01-08 10:12:25,386 - Query: 8e1aa38c-0e45-4e94-91a4-792a11ad455d - INFO: Building MATCH conditions
2025-01-08 10:12:25,387 - Query: 8e1aa38c-0e45-4e94-91a4-792a11ad455d - INFO: Building SELECT clause
2025-01-08 10:12:32,896 - Query: 8e1aa38c-0e45-4e94-91a4-792a11ad455d - INFO: Query execution time: 7.489321947097778s
2025-01-08 10:12:32,896 - Query: 8e1aa38c-0e45-4e94-91a4-792a11ad455d - INFO: Returning 24417 rows out of 24417 results | limit=500000 & offset=0
2025-01-08 10:12:32,900 - Query: 8e1aa38c-0e45-4e94-91a4-792a11ad455d - INFO: Success
2025-01-08 10:13:07,605 - Setup: connection.py - INFO: Reading environment variables from .env
2025-01-08 10:13:07,606 - Setup: connection.py - INFO: Creating database connection url from environment variables found in config/.env
2025-01-08 10:13:07,606 - Setup: connection.py - INFO: Creating database engine and session objects
2025-01-08 10:13:07,654 - Setup: schema.py - INFO: Building SQLAlchemy automap
2025-01-08 10:13:09,256 - Setup: schema.py - INFO: Successfully built SQLAlchemy automap
2025-01-08 10:13:09,256 - Setup: schema.py - INFO: Adding relationships to file table
2025-01-08 10:13:09,257 - Setup: schema.py - INFO: Adding relationships to project table
2025-01-08 10:13:09,257 - Setup: schema.py - INFO: Adding relationships to dicom_series table
2025-01-08 10:13:09,258 - Setup: schema.py - INFO: Successfully added relationships to file project, and dicom_series tables
2025-01-08 10:13:09,258 - Setup: schema.py - INFO: Successfully added relationships for dicom_series to its secondary tables
2025-01-08 10:13:09,269 - Setup: DatabaseMap.py - INFO: Building column_metadata map
2025-01-08 10:13:09,373 - Setup: DatabaseMap.py - INFO: Building DatabaseMap Object
2025-01-08 10:13:09,373 - Setup: DatabaseMap.py - INFO: Building metadata variables from automapped Base
2025-01-08 10:13:09,373 - Setup: DatabaseMap.py - INFO: Building entity class variables from automapped Base
2025-01-08 10:13:09,373 - Setup: DatabaseMap.py - INFO: Building column map
2025-01-08 10:13:09,374 - Setup: DatabaseMap.py - INFO: Building relationship map
2025-01-08 10:13:10,030 - Setup: connection.py - INFO: Creating database connection url from environment variables found in config/.env
2025-01-08 10:13:10,030 - Setup: connection.py - INFO: Creating database engine and session objects
2025-01-08 10:13:10,065 - Setup: schema.py - INFO: Building SQLAlchemy automap
2025-01-08 10:13:11,648 - Setup: schema.py - INFO: Successfully built SQLAlchemy automap
2025-01-08 10:13:11,649 - Setup: schema.py - INFO: Adding relationships to file table
2025-01-08 10:13:11,649 - Setup: schema.py - INFO: Adding relationships to project table
2025-01-08 10:13:11,649 - Setup: schema.py - INFO: Adding relationships to dicom_series table
2025-01-08 10:13:11,650 - Setup: schema.py - INFO: Successfully added relationships to file project, and dicom_series tables
2025-01-08 10:13:11,650 - Setup: schema.py - INFO: Successfully added relationships for dicom_series to its secondary tables
2025-01-08 10:13:11,659 - Setup: DatabaseMap.py - INFO: Building column_metadata map
2025-01-08 10:13:11,762 - Setup: DatabaseMap.py - INFO: Building DatabaseMap Object
2025-01-08 10:13:11,762 - Setup: DatabaseMap.py - INFO: Building metadata variables from automapped Base
2025-01-08 10:13:11,762 - Setup: DatabaseMap.py - INFO: Building entity class variables from automapped Base
2025-01-08 10:13:11,763 - Setup: DatabaseMap.py - INFO: Building column map
2025-01-08 10:13:11,763 - Setup: DatabaseMap.py - INFO: Building relationship map
2025-01-08 10:13:14,745 - Query: 2fee4e0d-fcf8-4e27-8bbd-296cb4faaaf5 - INFO: data/subject endpoint hit: Address(host='127.0.0.1', port=64945)
2025-01-08 10:13:14,745 - Query: 2fee4e0d-fcf8-4e27-8bbd-296cb4faaaf5 - INFO: QNode: {"MATCH_ALL": ["sex = Male", "file_size < 10000"], "MATCH_SOME": [], "ADD_COLUMNS": ["subject_crdc_id", "subject_id", "cause_of_death", "ethnicity", "race", "species", "subject_data_at_cds", "subject_data_at_gdc", "subject_data_at_icdc", "subject_data_at_idc", "subject_data_at_pdc", "subject_data_source_count", "year_of_birth", "year_of_death", "file_size"], "EXCLUDE_COLUMNS": []}
2025-01-08 10:13:14,745 - Query: 2fee4e0d-fcf8-4e27-8bbd-296cb4faaaf5 - INFO: http://127.0.0.1:8000/data/subject?limit=500000&offset=0
2025-01-08 10:13:14,745 - Query: 2fee4e0d-fcf8-4e27-8bbd-296cb4faaaf5 - INFO: Building fetch_rows query
2025-01-08 10:13:14,745 - Query: 2fee4e0d-fcf8-4e27-8bbd-296cb4faaaf5 - INFO: Building MATCH conditions
2025-01-08 10:13:14,748 - Query: 2fee4e0d-fcf8-4e27-8bbd-296cb4faaaf5 - INFO: Building SELECT clause
2025-01-08 10:13:14,760 - Query: 2fee4e0d-fcf8-4e27-8bbd-296cb4faaaf5 - INFO: Building MATCH conditions
2025-01-08 10:13:14,760 - Query: 2fee4e0d-fcf8-4e27-8bbd-296cb4faaaf5 - INFO: Building SELECT clause
2025-01-08 10:13:38,067 - Query: 2fee4e0d-fcf8-4e27-8bbd-296cb4faaaf5 - INFO: Query execution time: 23.286876916885376s
2025-01-08 10:13:38,068 - Query: 2fee4e0d-fcf8-4e27-8bbd-296cb4faaaf5 - INFO: Returning 24670 rows out of 24670 results | limit=500000 & offset=0
2025-01-08 10:13:38,074 - Query: 2fee4e0d-fcf8-4e27-8bbd-296cb4faaaf5 - INFO: Success
2025-01-08 10:13:43,866 - Query: 16e392df-b4a0-46e2-9ad5-96aea47ba399 - INFO: data/subject endpoint hit: Address(host='127.0.0.1', port=64988)
2025-01-08 10:13:43,866 - Query: 16e392df-b4a0-46e2-9ad5-96aea47ba399 - INFO: QNode: {"MATCH_ALL": ["sex = Male", "file_size < 10000"], "MATCH_SOME": [], "ADD_COLUMNS": ["subject_crdc_id", "subject_id", "cause_of_death", "ethnicity", "race", "species", "subject_data_at_cds", "subject_data_at_gdc", "subject_data_at_icdc", "subject_data_at_idc", "subject_data_at_pdc", "subject_data_source_count", "year_of_birth", "year_of_death", "file_size"], "EXCLUDE_COLUMNS": []}
2025-01-08 10:13:43,866 - Query: 16e392df-b4a0-46e2-9ad5-96aea47ba399 - INFO: http://127.0.0.1:8000/data/subject?limit=500000&offset=0
2025-01-08 10:13:43,866 - Query: 16e392df-b4a0-46e2-9ad5-96aea47ba399 - INFO: Building fetch_rows query
2025-01-08 10:13:43,866 - Query: 16e392df-b4a0-46e2-9ad5-96aea47ba399 - INFO: Building MATCH conditions
2025-01-08 10:13:43,867 - Query: 16e392df-b4a0-46e2-9ad5-96aea47ba399 - INFO: Building SELECT clause
2025-01-08 10:13:43,892 - Query: 16e392df-b4a0-46e2-9ad5-96aea47ba399 - INFO: Building MATCH conditions
2025-01-08 10:13:43,893 - Query: 16e392df-b4a0-46e2-9ad5-96aea47ba399 - INFO: Building SELECT clause
2025-01-08 10:13:52,666 - Query: 16e392df-b4a0-46e2-9ad5-96aea47ba399 - INFO: Query execution time: 8.749603033065796s
2025-01-08 10:13:52,667 - Query: 16e392df-b4a0-46e2-9ad5-96aea47ba399 - INFO: Returning 24670 rows out of 24670 results | limit=500000 & offset=0
2025-01-08 10:13:52,672 - Query: 16e392df-b4a0-46e2-9ad5-96aea47ba399 - INFO: Success
2025-01-08 10:57:02,808 - Setup: connection.py - INFO: Reading environment variables from .env
2025-01-08 10:57:02,809 - Setup: connection.py - INFO: Creating database connection url from environment variables found in config/.env
2025-01-08 10:57:02,809 - Setup: connection.py - INFO: Creating database engine and session objects
2025-01-08 10:57:02,856 - Setup: schema.py - INFO: Building SQLAlchemy automap
2025-01-08 10:57:04,454 - Setup: schema.py - INFO: Successfully built SQLAlchemy automap
2025-01-08 10:57:04,454 - Setup: schema.py - INFO: Adding relationships to file table
2025-01-08 10:57:04,454 - Setup: schema.py - INFO: Adding relationships to project table
2025-01-08 10:57:04,455 - Setup: schema.py - INFO: Adding relationships to dicom_series table
2025-01-08 10:57:04,455 - Setup: schema.py - INFO: Successfully added relationships to file project, and dicom_series tables
2025-01-08 10:57:04,455 - Setup: schema.py - INFO: Successfully added relationships for dicom_series to its secondary tables
2025-01-08 10:57:04,465 - Setup: DatabaseMap.py - INFO: Building column_metadata map
2025-01-08 10:57:04,567 - Setup: DatabaseMap.py - INFO: Building DatabaseMap Object
2025-01-08 10:57:04,567 - Setup: DatabaseMap.py - INFO: Building metadata variables from automapped Base
2025-01-08 10:57:04,567 - Setup: DatabaseMap.py - INFO: Building entity class variables from automapped Base
2025-01-08 10:57:04,567 - Setup: DatabaseMap.py - INFO: Building column map
2025-01-08 10:57:04,568 - Setup: DatabaseMap.py - INFO: Building relationship map
2025-01-08 10:57:05,206 - Setup: connection.py - INFO: Creating database connection url from environment variables found in config/.env
2025-01-08 10:57:05,206 - Setup: connection.py - INFO: Creating database engine and session objects
2025-01-08 10:57:05,241 - Setup: schema.py - INFO: Building SQLAlchemy automap
2025-01-08 10:57:06,864 - Setup: schema.py - INFO: Successfully built SQLAlchemy automap
2025-01-08 10:57:06,865 - Setup: schema.py - INFO: Adding relationships to file table
2025-01-08 10:57:06,865 - Setup: schema.py - INFO: Adding relationships to project table
2025-01-08 10:57:06,865 - Setup: schema.py - INFO: Adding relationships to dicom_series table
2025-01-08 10:57:06,866 - Setup: schema.py - INFO: Successfully added relationships to file project, and dicom_series tables
2025-01-08 10:57:06,866 - Setup: schema.py - INFO: Successfully added relationships for dicom_series to its secondary tables
2025-01-08 10:57:06,874 - Setup: DatabaseMap.py - INFO: Building column_metadata map
2025-01-08 10:57:06,977 - Setup: DatabaseMap.py - INFO: Building DatabaseMap Object
2025-01-08 10:57:06,977 - Setup: DatabaseMap.py - INFO: Building metadata variables from automapped Base
2025-01-08 10:57:06,977 - Setup: DatabaseMap.py - INFO: Building entity class variables from automapped Base
2025-01-08 10:57:06,977 - Setup: DatabaseMap.py - INFO: Building column map
2025-01-08 10:57:06,978 - Setup: DatabaseMap.py - INFO: Building relationship map
2025-01-08 11:13:26,640 - Setup: connection.py - INFO: Creating database connection url from environment variables found in config/.env
2025-01-08 11:13:26,640 - Setup: connection.py - INFO: Creating database engine and session objects
2025-01-08 11:13:26,681 - Setup: schema.py - INFO: Building SQLAlchemy automap
2025-01-08 11:13:28,365 - Setup: schema.py - INFO: Successfully built SQLAlchemy automap
2025-01-08 11:13:28,365 - Setup: schema.py - INFO: Adding relationships to file table
2025-01-08 11:13:28,365 - Setup: schema.py - INFO: Adding relationships to project table
2025-01-08 11:13:28,366 - Setup: schema.py - INFO: Adding relationships to dicom_series table
2025-01-08 11:13:28,366 - Setup: schema.py - INFO: Successfully added relationships to file project, and dicom_series tables
2025-01-08 11:13:28,366 - Setup: schema.py - INFO: Successfully added relationships for dicom_series to its secondary tables
2025-01-08 11:13:28,380 - Setup: DatabaseMap.py - INFO: Building column_metadata map
2025-01-08 11:13:28,487 - Setup: DatabaseMap.py - INFO: Building DatabaseMap Object
2025-01-08 11:13:28,487 - Setup: DatabaseMap.py - INFO: Building metadata variables from automapped Base
2025-01-08 11:13:28,487 - Setup: DatabaseMap.py - INFO: Building entity class variables from automapped Base
2025-01-08 11:13:28,488 - Setup: DatabaseMap.py - INFO: Building column map
2025-01-08 11:13:28,489 - Setup: DatabaseMap.py - INFO: Building relationship map
2025-01-08 11:34:32,053 - Query: ce832aeb-d525-41c2-bbbd-de95171cb5e8 - INFO: data/subject endpoint hit: Address(host='127.0.0.1', port=53016)
2025-01-08 11:34:32,053 - Query: ce832aeb-d525-41c2-bbbd-de95171cb5e8 - INFO: QNode: {"MATCH_ALL": ["sex = Male", "file_size < 10000"], "MATCH_SOME": [], "ADD_COLUMNS": ["subject_crdc_id", "subject_id", "cause_of_death", "ethnicity", "race", "species", "subject_data_at_cds", "subject_data_at_gdc", "subject_data_at_icdc", "subject_data_at_idc", "subject_data_at_pdc", "subject_data_source_count", "year_of_birth", "year_of_death", "file_size"], "EXCLUDE_COLUMNS": []}
2025-01-08 11:34:32,053 - Query: ce832aeb-d525-41c2-bbbd-de95171cb5e8 - INFO: http://127.0.0.1:8000/data/subject?limit=500000&offset=0
2025-01-08 11:34:32,053 - Query: ce832aeb-d525-41c2-bbbd-de95171cb5e8 - INFO: Building fetch_rows query
2025-01-08 11:34:32,053 - Query: ce832aeb-d525-41c2-bbbd-de95171cb5e8 - INFO: Building MATCH conditions
2025-01-08 11:34:32,056 - Query: ce832aeb-d525-41c2-bbbd-de95171cb5e8 - INFO: Building SELECT clause
2025-01-08 11:34:32,065 - Query: ce832aeb-d525-41c2-bbbd-de95171cb5e8 - INFO: Building MATCH conditions
2025-01-08 11:34:32,065 - Query: ce832aeb-d525-41c2-bbbd-de95171cb5e8 - INFO: Building SELECT clause
2025-01-08 11:34:37,440 - Query: 838ebdfb-8c79-4284-ac8b-16c71d7d8a7c - INFO: data/subject endpoint hit: Address(host='127.0.0.1', port=53050)
2025-01-08 11:34:37,440 - Query: 838ebdfb-8c79-4284-ac8b-16c71d7d8a7c - INFO: QNode: {"MATCH_ALL": ["sex = Male", "file_size < 10000"], "MATCH_SOME": [], "ADD_COLUMNS": ["subject_crdc_id", "subject_id", "cause_of_death", "ethnicity", "race", "species", "subject_data_at_cds", "subject_data_at_gdc", "subject_data_at_icdc", "subject_data_at_idc", "subject_data_at_pdc", "subject_data_source_count", "year_of_birth", "year_of_death", "file_size"], "EXCLUDE_COLUMNS": []}
2025-01-08 11:34:37,440 - Query: 838ebdfb-8c79-4284-ac8b-16c71d7d8a7c - INFO: http://127.0.0.1:8000/data/subject?limit=500000&offset=0
2025-01-08 11:34:37,440 - Query: 838ebdfb-8c79-4284-ac8b-16c71d7d8a7c - INFO: Building fetch_rows query
2025-01-08 11:34:37,440 - Query: 838ebdfb-8c79-4284-ac8b-16c71d7d8a7c - INFO: Building MATCH conditions
2025-01-08 11:34:37,440 - Query: 838ebdfb-8c79-4284-ac8b-16c71d7d8a7c - INFO: Building SELECT clause
2025-01-08 11:34:37,446 - Query: 838ebdfb-8c79-4284-ac8b-16c71d7d8a7c - INFO: Building MATCH conditions
2025-01-08 11:34:37,447 - Query: 838ebdfb-8c79-4284-ac8b-16c71d7d8a7c - INFO: Building SELECT clause
2025-01-08 11:34:41,713 - Query: ce832aeb-d525-41c2-bbbd-de95171cb5e8 - INFO: Query execution time: 9.628874063491821s
2025-01-08 11:34:41,714 - Query: ce832aeb-d525-41c2-bbbd-de95171cb5e8 - INFO: Returning 24670 rows out of 24670 results | limit=500000 & offset=0
2025-01-08 11:34:41,720 - Query: ce832aeb-d525-41c2-bbbd-de95171cb5e8 - INFO: Success
2025-01-08 11:34:46,387 - Query: 838ebdfb-8c79-4284-ac8b-16c71d7d8a7c - INFO: Query execution time: 8.919213056564331s
2025-01-08 11:34:46,387 - Query: 838ebdfb-8c79-4284-ac8b-16c71d7d8a7c - INFO: Returning 24670 rows out of 24670 results | limit=500000 & offset=0
2025-01-08 11:34:46,389 - Query: 838ebdfb-8c79-4284-ac8b-16c71d7d8a7c - INFO: Success
2025-01-08 12:44:18,884 - Query: 30f6941a-7ffd-4099-a418-dcf736b896cf - INFO: data/subject endpoint hit: Address(host='127.0.0.1', port=56971)
2025-01-08 12:44:18,884 - Query: 30f6941a-7ffd-4099-a418-dcf736b896cf - INFO: QNode: {"MATCH_ALL": ["sex = Male", "file_size < 10000"], "MATCH_SOME": [], "ADD_COLUMNS": ["subject_crdc_id", "subject_id", "cause_of_death", "ethnicity", "race", "species", "subject_data_at_cds", "subject_data_at_gdc", "subject_data_at_icdc", "subject_data_at_idc", "subject_data_at_pdc", "subject_data_source_count", "year_of_birth", "year_of_death", "file_size"], "EXCLUDE_COLUMNS": []}
2025-01-08 12:44:18,884 - Query: 30f6941a-7ffd-4099-a418-dcf736b896cf - INFO: http://127.0.0.1:8000/data/subject?limit=500000&offset=0
2025-01-08 12:44:18,884 - Query: 30f6941a-7ffd-4099-a418-dcf736b896cf - INFO: Building fetch_rows query
2025-01-08 12:44:18,884 - Query: 30f6941a-7ffd-4099-a418-dcf736b896cf - INFO: Building MATCH conditions
2025-01-08 12:44:18,886 - Query: 30f6941a-7ffd-4099-a418-dcf736b896cf - INFO: Building SELECT clause
2025-01-08 12:44:18,893 - Query: 30f6941a-7ffd-4099-a418-dcf736b896cf - INFO: Building MATCH conditions
2025-01-08 12:44:18,893 - Query: 30f6941a-7ffd-4099-a418-dcf736b896cf - INFO: Building SELECT clause
2025-01-08 12:44:27,513 - Query: 30f6941a-7ffd-4099-a418-dcf736b896cf - INFO: Query execution time: 8.599965810775757s
2025-01-08 12:44:27,513 - Query: 30f6941a-7ffd-4099-a418-dcf736b896cf - INFO: Returning 24670 rows out of 24670 results | limit=500000 & offset=0
2025-01-08 12:44:27,519 - Query: 30f6941a-7ffd-4099-a418-dcf736b896cf - INFO: Success
